name,date,title,content
박정미,2023-06-02,65회 서울과학전람회 예선대회 개최요강,"65회 서울과학전람회 예선대회 개최요강 안내합니다. 
가통은 6월 7일에 안내됩니다. 
희망자는 8월 25일 금요일 9시까지 4의 3으로 제출합니다. "
배수연,2023-05-04,방과후학교 정책연구 온라인 설문조사 실시(학부모용)," 방과후학교 정책연구 온라인 설문조사 실시(학부모용)

서울시교육청 방과후학교 정책연구 온라인 설문조사를 다음과 같이 실시하오니, 학부모님의 의견이 적극 반영될 수 있도록 설문 참여에 협조를 부탁드립니다.
가. 연 구 명: 질 높은 방과후학교 운영을 위한 교육(지원)청-자치구 지원체제 및 시스템 구축에 관한 연구
나. 설문목적: 질 높은 방과후학교 운영 방안 마련을 위한 현장의견 수렴
다. 설문기간: 2023. 5. 3.(수) ~ 5. 9.(화)
라. 설문대상: 서울 소재 초등학교 교원(교장, 교감 포함), 방과후학교 강사 및 보호자(학부모)
마. 설문방법: 하단의 설문 링크 또는 QR코드 접속 후 개별 응답
사. 설문링크:
- 보호자(학부모용) : https://moaform.com/q/9HTjTF
- 참여 QR코드:"
김수현,2023-04-14,2023 학생 기후행동 365 학생 운영위원 지원 1차 서식,"1차 서류 서식 파일 다운로드 및 내용 기재 후,
[서식 1]: 한글 원본 파일+ 서명 후 스캔한 PDF파일
[서식 2, 3]: 한글 원본 파일만 필요

총 2개(한글 원본 파일 1묶음 + 서식 1 pdf 스캔파일) 의 서류를 usb에 담아
3학년 2반 교실로 제출해주십시오."
소아영,2022-11-29,2023학년도 학교교육계획 수립을 위한 학생 설문 안내,"2023학년도 학교교육계획 수립을 위한 학생 설문 안내입니다. 

3학년
https://forms.gle/gAAAR1TN7p9v8eXn8

4,5학년
https://forms.gle/xmn9ZQKeZ35o2jou6"
관리자,2022-03-08,제14기 서울대현초등학교운영위원회 구성 알림,"2022.3.1.자로 제13기 학교운영위원회 위원임기 만료에 따라
2022년 3월 중으로 제14기 학교운영위원회 구성을 추진하고 있습니다.
관심있는 학부모, 지역인사께서는 많은 참여 바랍니다."
민영미,2020-12-07,강도 높은 서울형 방역조치 시행에 따른 학교시설개방 중단 안내,"강도 높은 서울형 방역조치 시행에 따른 학교시설개방 중단 안내
? 학교 실내·외 시설 개방 중지
    ○ 개방 중지대상: 일시사용허가 중단
     단, 운동장 산책은 2단계 조치 유지하면서 가능
? 개방 중지기간: 2020.12.5.(토) 21시~ 별도 안내 시까지
붙임: 학교시설개방 안내문"
배수연,2023-07-12,2023학년도 2학기 전교 어린이 임원 선거 결과표,"전교 어린이 임원 선거 결과표

2023학년도 2학기                                                          서울대현초등학교
  당선직책
기호
성별
이 름
전교회장
6
남
강연O
남부회장
1
남
송병O
여부회장
3
여
이서O
남부회장
4
남
김예O
여부회장
2
여
권재O"
배수연,2023-07-07,수상 안전사고 예방 및 대처요령,수상 안전사고 예방 및 대처요령 안내 입니다.
김창희,2023-07-06,2023학년도 대현초 학생 개인 계획에 의한 봉사활동 안내,첨부파일을 참고하여 기준과 절차에 맞게 실시해주시기 바랍니다.
배수연,2023-06-27,유튜브로 보는 제172회 강서지식비타민강좌,"유튜브로 보는 제172회 강서지식비타민강좌

안녕하십니까?
서울특별시 강서구에서는 시대적 이슈를 반영한 명사들의 지식과 생각을 공유하는
『강서 지식비타민강좌』를 아래와 같이 유튜브 영상으로 게시하오니 학부모님들의 많은 관심과 시청 부탁드립니다.
  ◎ 주제: 남궁인 교수의 응급실 가이드
◎ 강사: 남궁인(이대목동병원 응급의학과 교수, 작가)
◎ 영상 게시기간: 2023. 6. 26. (월) ∼ 7. 25.(화)까지 
  (이후 비공개 전환)
https://youtu.be/7NfMSYR1PMU "
김영숙,2023-06-23,"2023 우체국 문화전(우체국 예금, 보험 어린이 그림그리기글짓기대회) 실시안내","2023 우체국 문화전(우체국 예금, 보험 어린이 그림그리기글짓기대회)이 실시된다고 합니다. 관심 있는 학생들의 많은 참여 바랍니다. 자세한 내용은 첨부 파일을 참고하세요~

* 공모전 개요
o 대 회 명:""우체국 예금,우체국보험과 함께하는 2023 우체국 문화전""
o 응모 대상: 전국 초등, 중, 고등학생
o 응모 부문: 그림그리기(초등), 글짓기(초,중,고등) 2개 부문
o 작품 주제: ""우체국""과 관련된 이야기
o 응모 기간: 2023. 6.20.(화)~ 8.28.(월)
o 응모방법:우체국문화전 홈페이지(www.우체국문화전.com)에서 온라인 접수
o 최종 수상자 발표: 10.5.(목) / 시상식 : 11.15.(수 )예정

* 시상규모: 총 210명(그림 102명, 글짓기 108명)
 ※ 과기부장관상 5, 본부장상 25, 원장상 60, 청장상120 / 총 상금 : 4,750만원"
최유미,2023-06-21,2023년 3분기 발명과학교실 모집 공고,한국발명진흥회에서 2023년 '발명과학교실'에 참여할 학생을 모집하오니 첨부파일을 참고하시어 지원하시기 바랍니다. 
배수연,2023-06-13,'만 나이 통일법' 안내,'만 나이 통일법' 안내 입니다.
박정미,2023-06-02,65회 서울과학전람회 예선대회 개최요강,"65회 서울과학전람회 예선대회 개최요강 안내합니다. 
가통은 6월 7일에 안내됩니다. 
희망자는 8월 25일 금요일 9시까지 4의 3으로 제출합니다. "
이은주,2023-05-30,2023학년도 스포츠 창직 아이디어 공모전 안내,
배수연,2023-05-25,『강남구민 옛 생활 기록물 모집』 안내,"『강남구민 옛 생활 기록물 모집』

강남구는 구민들의 옛 생활과 삶을 엿볼 수 있는 다양한 형태의 기록물을 수집하여, 강남의 가치있는 역사와 추억을 구민들과 공유하기 위한 전시회를 추진하고자 합니다.
이와 관련하여 관내 학부모 및 조부모님들께서 소유하고 있는 스토리와 추억이 담긴 다양한 형태의 옛 기록물을 모집하고자 하오니, 관심있는 분들의 적극적인 참여 바랍니다.
□ 모집개요
○ 모집기간 : 2023. 5. 24.(수) ~ 6. 16.(금)
○ 모집자격 : 제한 없음 (강남구민 중 옛 기록물 소장자 누구나)
○ 모집대상 : 강남구민의 역사와 추억이 담긴 다양한 형태의 옛 기록물 (1980년 이전 물품)
(예시) 사진, 앨범, 지도, 교복, 상장, 배지, 일기, 책자, 골동품 등
○ 접수방법 : 신청서 작성 후 메일(alswn22@gangnam.go.kr) 접수
○ 선 정 : 적합성, 스토리, 상태 등 종합적으로 판단 후 선정 (개별 통보)
○ 활용계획 : 강남구 주최 전시회에 전시 예정 (선정 기록물 대여)
전시회 개최 개요
1.전시기간 : 2023. 7. 3.(월) ~ 8. 31.(목) (예정)
2.전시장소 : 구청 본관 1층, 2층 로비
3.전시내용 : 강남의 성장·발전 변천사 / 강남구민 추억의 옛 기록물 전시
※ 전시회 일정 및 내용 등 일부 변경 될 수 있음.
※ 신청서 메일 접수 후, 전시에 적합한 기록물로 선정되면(개별 통보) 정책홍보실의
안내에 따라 물품을 제출해주시기 바랍니다. 소중한 기록물은 안전하게 보관하여
전시 후 소장자분들께 다시 돌려드리겠습니다. 많은 참여 바랍니다.
□ 문 의 : 02-3423-5099(강남구청 정책홍보실 홍보팀)"
박정미,2023-06-02,65회 서울과학전람회 예선대회 개최요강,"65회 서울과학전람회 예선대회 개최요강 안내합니다. 
가통은 6월 7일에 안내됩니다. 
희망자는 8월 25일 금요일 9시까지 4의 3으로 제출합니다. "
배수연,2023-05-04,방과후학교 정책연구 온라인 설문조사 실시(학부모용)," 방과후학교 정책연구 온라인 설문조사 실시(학부모용)

서울시교육청 방과후학교 정책연구 온라인 설문조사를 다음과 같이 실시하오니, 학부모님의 의견이 적극 반영될 수 있도록 설문 참여에 협조를 부탁드립니다.
가. 연 구 명: 질 높은 방과후학교 운영을 위한 교육(지원)청-자치구 지원체제 및 시스템 구축에 관한 연구
나. 설문목적: 질 높은 방과후학교 운영 방안 마련을 위한 현장의견 수렴
다. 설문기간: 2023. 5. 3.(수) ~ 5. 9.(화)
라. 설문대상: 서울 소재 초등학교 교원(교장, 교감 포함), 방과후학교 강사 및 보호자(학부모)
마. 설문방법: 하단의 설문 링크 또는 QR코드 접속 후 개별 응답
사. 설문링크:
- 보호자(학부모용) : https://moaform.com/q/9HTjTF
- 참여 QR코드:"
김수현,2023-04-14,2023 학생 기후행동 365 학생 운영위원 지원 1차 서식,"1차 서류 서식 파일 다운로드 및 내용 기재 후,
[서식 1]: 한글 원본 파일+ 서명 후 스캔한 PDF파일
[서식 2, 3]: 한글 원본 파일만 필요

총 2개(한글 원본 파일 1묶음 + 서식 1 pdf 스캔파일) 의 서류를 usb에 담아
3학년 2반 교실로 제출해주십시오."
소아영,2022-11-29,2023학년도 학교교육계획 수립을 위한 학생 설문 안내,"2023학년도 학교교육계획 수립을 위한 학생 설문 안내입니다. 

3학년
https://forms.gle/gAAAR1TN7p9v8eXn8

4,5학년
https://forms.gle/xmn9ZQKeZ35o2jou6"
관리자,2022-03-08,제14기 서울대현초등학교운영위원회 구성 알림,"2022.3.1.자로 제13기 학교운영위원회 위원임기 만료에 따라
2022년 3월 중으로 제14기 학교운영위원회 구성을 추진하고 있습니다.
관심있는 학부모, 지역인사께서는 많은 참여 바랍니다."
민영미,2020-12-07,강도 높은 서울형 방역조치 시행에 따른 학교시설개방 중단 안내,"강도 높은 서울형 방역조치 시행에 따른 학교시설개방 중단 안내
? 학교 실내·외 시설 개방 중지
    ○ 개방 중지대상: 일시사용허가 중단
     단, 운동장 산책은 2단계 조치 유지하면서 가능
? 개방 중지기간: 2020.12.5.(토) 21시~ 별도 안내 시까지
붙임: 학교시설개방 안내문"
배수연,2023-05-23,2023년 강남 환경의 날 기념행사,과
배수연,2023-05-23,2023학년도 코로나19 대응 학교방역활동지원 인력 채용(충원) 공고,"2023학년도 코로나19 대응 학교방역활동지원 인력 채용(충원) 공고


1 채용기간: 2023. 6. 1. ~ 2023. 7. 31.
(코로나 감염병이 지속되는 기간 내 한시적 운영)
* 코로나19 상황에 따라 채용 기간이 변경될 수 있음
* 주말,공휴일, 방학기간 비근무
2. 근무조건
가. 보수: 시급제 / 시간당 12,030원(2023년 생활임금 기준)
월~금
업무내용
근무시간
월, 화, 목, 금 10:00 ~ 13:00
수 10:00 ~ 12:00
방역활동, 하교지도
원격수업지원
주당 근무시간
14시간(일일 시간)
? 다양한 학교상황에 따라
업무시간이 조정될 수
있음
시간당 보수
12,030원

* 자세한 내용은 첨부파일 확인 바랍니다."
배수연,2023-05-18,식중독 예방을 위한 바로바로 손씻기 챌린지 참여 안내,식중독 예방을 위한 바로바로 손씻기 챌린지 참여 안내 입니다.
최유미,2023-05-17,수학고도영재 시범교육 프로그램 대상 학생 선발 안내,"과학기술정보통신부, KAIST 과학영재교육연구원에서 운영하는 '수학 고도영재 시범교육 프로그램'에 대해 안내드리오니, 관심있는 학생과 학부모님께서는 참고하시기 바랍니다."
배수연,2023-05-15,제20회 서울국제환경영화제 시네마 그린틴 개최 안내,제20회 서울국제환경영화제 시네마 그린틴 개최 안내 입니다.
배수연,2023-05-12,특수학급 방역인력 채용 공고,"2023학년도 1학기 대현초 특수학급 방역인력 채용 공고


1. 채용인원 : 1명
2. 채용기간 : 2023.6.1.~2023.7.20.(학교상황에 따라 채용기간이 변경될 수 있음)
*주말, 공휴일, 자율휴업일 비근무
3. 근무 시간: 화~금요일 오전(주 15시간 이내)
4. 접수 일정
<지원서류 접수>
1) 기간: 2023. 5. 15.(월)~19(금) 16:00
2) 접수 방법: 방문 및 이메일 접수
3) 접수 장소: 서울대현초등학교 2층 도움2반, 담당자 메일: everel@sen.go.kr
(서울 강남구 역삼로 98길 16)

* 자세한 내용은 첨부파일 참고하시기 바랍니다."
배수연,2023-05-11,청소년 마약 범죄 예방을 위한 홍보 표어 포스터 공모전,"청소년 마약 범죄 예방을 위한 홍보 표어 포스터 공모전

가. 공모 기간 :’23.5.9(화) ~ 5.30.(화) 24:00까지
나. 공모 대상 : 관내 초·중·고교 학생 및 학교밖 청소년 등
다. 접수 방법 :카카오톡 채널 ‘Safety Net-수서SPO’를 통한 온라인 접수
(개인 1개 작품 응모, 학교명+성명+연락처 기재)
라. 주제 및 규격 : 마약류 범죄·중독 없는 사회를 위한 표어, 포스터
마. 시상 내역 : 최우수상 1명, 우수상 3명, 장려상 10명 등
※ 위 일정·내용 등은 경찰서 사정에 의해 변경 가능하며, 기타 자세한 내용은 붙임 문서 참조
  붙임 : 수서경찰서 마약류 범죄 예방 표어·포스터 공모전 안내문(PNG) 1부. "
배수연,2023-05-04,방과후학교 정책연구 온라인 설문조사 실시(학부모용)," 방과후학교 정책연구 온라인 설문조사 실시(학부모용)

서울시교육청 방과후학교 정책연구 온라인 설문조사를 다음과 같이 실시하오니, 학부모님의 의견이 적극 반영될 수 있도록 설문 참여에 협조를 부탁드립니다.
가. 연 구 명: 질 높은 방과후학교 운영을 위한 교육(지원)청-자치구 지원체제 및 시스템 구축에 관한 연구
나. 설문목적: 질 높은 방과후학교 운영 방안 마련을 위한 현장의견 수렴
다. 설문기간: 2023. 5. 3.(수) ~ 5. 9.(화)
라. 설문대상: 서울 소재 초등학교 교원(교장, 교감 포함), 방과후학교 강사 및 보호자(학부모)
마. 설문방법: 하단의 설문 링크 또는 QR코드 접속 후 개별 응답
사. 설문링크:
- 보호자(학부모용) : https://moaform.com/q/9HTjTF
- 참여 QR코드:"
배수연,2023-04-27,코로나19 대응 방역활동 지원 인력 충원 공고,"코로나19 대응 방역활동 지원 인력 충원 공고


2023학년도 서울대현초등학교 코로나19 방역활동지원 인력 채용을 위하여 아래와 같이 공고합니다.

1. 채용기간
? 채용기간: 2023. 5. 8. ~ 2023. 5. 31.
2. 근무조건
가. 보수: 시급제 / 시간당 12,030원(2023년 생활임금 기준)
월~금
업무내용
근무시간
월, 화, 목, 금 10:00 ~ 13:00
수 10:00 ~ 12:00
방역활동, 하교지도
원격수업지원
주당 근무시간
14시간(일일 시간)
? 다양한 학교상황에 따라
업무시간이 조정될 수
있음
시간당 보수
12,030원
* 주휴수당 발생시 지급
* 중식비는 별도 지원 없음(개인 부담)
* 연차유급휴가 및 주휴수당 발생시 지급
나. 보수 지급 시기 : 매월 말일 지급

* 자세한 내용은 첨부 파일 참고 바랍니다."
배수연,2023-04-27,국립정신건강센터 ‘ADHD 자녀 이해하기 감정코칭’온라인 부모 강의 안내,"  ‘ADHD 자녀 이해하기 감정코칭’온라인 부모 강의 안내

○ (교육접수)
- 접수시작: 2023년 5월 2일(화), 10:00
- 접수종료: 2023년 5월 15일(월), 18:00
- 신청방법: QR코드 또는 링크 접속하여 사전 접수,
접수 종료 후 확인문자 발송 예정
- 선착순 100명 접수
○ (사전 접수 QR코드 및 온라인 주소)
- 온라인 주소 https://forms.gle/UeibwDGRjNokpvwUA
- QR코드
  ○ (문의)
- 02-2204-0214, 208, 210 / 이지윤 정신건강전문요원"
박정미,2023-06-02,65회 서울과학전람회 예선대회 개최요강,"65회 서울과학전람회 예선대회 개최요강 안내합니다. 
가통은 6월 7일에 안내됩니다. 
희망자는 8월 25일 금요일 9시까지 4의 3으로 제출합니다. "
배수연,2023-05-04,방과후학교 정책연구 온라인 설문조사 실시(학부모용)," 방과후학교 정책연구 온라인 설문조사 실시(학부모용)

서울시교육청 방과후학교 정책연구 온라인 설문조사를 다음과 같이 실시하오니, 학부모님의 의견이 적극 반영될 수 있도록 설문 참여에 협조를 부탁드립니다.
가. 연 구 명: 질 높은 방과후학교 운영을 위한 교육(지원)청-자치구 지원체제 및 시스템 구축에 관한 연구
나. 설문목적: 질 높은 방과후학교 운영 방안 마련을 위한 현장의견 수렴
다. 설문기간: 2023. 5. 3.(수) ~ 5. 9.(화)
라. 설문대상: 서울 소재 초등학교 교원(교장, 교감 포함), 방과후학교 강사 및 보호자(학부모)
마. 설문방법: 하단의 설문 링크 또는 QR코드 접속 후 개별 응답
사. 설문링크:
- 보호자(학부모용) : https://moaform.com/q/9HTjTF
- 참여 QR코드:"
김수현,2023-04-14,2023 학생 기후행동 365 학생 운영위원 지원 1차 서식,"1차 서류 서식 파일 다운로드 및 내용 기재 후,
[서식 1]: 한글 원본 파일+ 서명 후 스캔한 PDF파일
[서식 2, 3]: 한글 원본 파일만 필요

총 2개(한글 원본 파일 1묶음 + 서식 1 pdf 스캔파일) 의 서류를 usb에 담아
3학년 2반 교실로 제출해주십시오."
소아영,2022-11-29,2023학년도 학교교육계획 수립을 위한 학생 설문 안내,"2023학년도 학교교육계획 수립을 위한 학생 설문 안내입니다. 

3학년
https://forms.gle/gAAAR1TN7p9v8eXn8

4,5학년
https://forms.gle/xmn9ZQKeZ35o2jou6"
관리자,2022-03-08,제14기 서울대현초등학교운영위원회 구성 알림,"2022.3.1.자로 제13기 학교운영위원회 위원임기 만료에 따라
2022년 3월 중으로 제14기 학교운영위원회 구성을 추진하고 있습니다.
관심있는 학부모, 지역인사께서는 많은 참여 바랍니다."
민영미,2020-12-07,강도 높은 서울형 방역조치 시행에 따른 학교시설개방 중단 안내,"강도 높은 서울형 방역조치 시행에 따른 학교시설개방 중단 안내
? 학교 실내·외 시설 개방 중지
    ○ 개방 중지대상: 일시사용허가 중단
     단, 운동장 산책은 2단계 조치 유지하면서 가능
? 개방 중지기간: 2020.12.5.(토) 21시~ 별도 안내 시까지
붙임: 학교시설개방 안내문"
김영숙,2023-04-24,2023 삼성1동 글로벌 인생네컷 축제 안내 및 홍보,삼성1동 글로벌 인생네컷 축제를 붙임과 같이 개최 한다합니다. 관심 있는 학생들의 많은 참여 바랍니다.
김영숙,2023-04-24,2023 국립한글박물관 문화가 있는 날 행사 홍보,2023 국립한글박물관에서 매월 문화가 있는 날 행사가 있습니다. 관심 있는 학생들의 많은 참여 바랍니다.
배수연,2023-04-19,지구 살리기 1일 1행 챌린지(4.21.금~4.27.목),
김수현,2023-04-14,2023 학생 기후행동 365 학생 운영위원 지원 1차 서식,"1차 서류 서식 파일 다운로드 및 내용 기재 후,
[서식 1]: 한글 원본 파일+ 서명 후 스캔한 PDF파일
[서식 2, 3]: 한글 원본 파일만 필요

총 2개(한글 원본 파일 1묶음 + 서식 1 pdf 스캔파일) 의 서류를 usb에 담아
3학년 2반 교실로 제출해주십시오."
최유미,2023-04-12,KAIST 과학영재교육원 주관 '2023년 영재키움 프로젝트' 선발 안내,교육부가 주최하고 KAIST 과학영재교육원이 주관하는 '2023년 영재키움 프로젝트'를 다음과 같이 안내하오니 참고하시기 바랍니다.
배수연,2023-04-07,불상인이 주는 음식 섭취 금지 안내,
김안나,2023-04-03,강남구 돌봄기관 안내문,
배수연,2023-03-30,학부모회 운영(사업) 관련 '서울학부모회 챗봇' 활용 안내,"학부모회 운영(사업) 관련 '서울학부모회 챗봇' 활용 안내

1. 서울시교육청에서는 학부모회 운영 및 학교참여 공모사업 추진 중에 발생하는 다양한 궁금증
해결 및 이에 필요한 정보 제공을 위해 카카오톡 채널 기반 ‘서울학부모회 챗봇’을
운영 중에 있습니다. 각급 학교에서는 학부모회 업무 담당 교직원, 학부모회 구성원들이 적극 활용할 수 있도록 안내해 주시기 바랍니다.
가. 대상: 서울학부모회 챗봇
나. 내용: 학부모회 조례, 학부모회 운영, 학부모회 학교참여 공모사업, 관련 서식 및 자주하는 질문 등 탑재
다. 참고: 서울학부모회 챗봇 이용 설명서 활용

2. 아울러, 서울학부모회 챗봇 내에 학교참여 공모사업 관련 1:1 상담톡을 상반기 정기운영할 예정입니다. 학부모회 임원이 챗봇 상담톡을 활용하여 학교참여 공모사업과 관련된 실시간(수시) 궁금증을 해결할 수 있도록 안내해 주시기 바랍니다.
   가. 상담톡 정기운영 개요
운영기간
운영내용
(1차) 2023. 4. 3.(월) ~ 4. 10.(월) 9:00~17:00
학교참여 공모사업 신청시 필요한 활동계획서 작성
(2차) 2023. 5. 15.(월) ~ 6. 2.(금) 13:00~17:00
상반기 공모사업 컨설팅 이후 보완 및 추가 질의
(3차) 2023. 6. 19.(월) ~ 6. 30.(금) 13:00~17:00
공모사업 집중 실시 기간으로 사업 집행 관련
   나. 이용방법: 
      카카오톡 ‘서울학부모회’채널 추가→챗봇 메뉴 내 [상담직원 연결] 선택
   
 "
배수연,2023-03-23,학부모회 임원 당선자 공고,
배수연,2023-03-22,서한문 (수서 경찰서 ),"안녕하십니까? 수서경찰서장입니다.
  먼저 활기차고 따뜻한 학교에서 이 나라를 이끌어 갈 미래의 주역인 어린이들이 바르고 건강하게 자라도록 애써주시는 학교장님이하 선생님들께 감사 말씀을 드립니다.
  최근 들어 어린이가 가장 보호받고 마음 놓고 다녀야 하는 ‘어린이 보호구역’내에서 어린이 교통사고로 인하여, 어린이들의 교통안전 확보에 대한 사회적 관심이 평소보다 더 커지고 있습니다.
  이에 따라, 학부모님들께서도 자녀들의 등·하굣길 교통안전에 대하여 걱정이 많으실 것으로 생각됩니다.
  그간 경찰에서는 서울시·강남구와 함께 어린이 보호구역 내 무인교통단속장비와 보행자 방호울타리 설치 등 시설물 개선과 함께 교통법규 위반에 대한 단속도 강화하는 등 통학로 안전 확보를 위해 최선의 노력을 다하여 왔습니다.
  그러나 어린이가 안전한 나라를 만들기 위해서는 경찰뿐만 아니라 학교와 학부모 모두의 관심과 주의가 더해져야 한다는 생각에 몇 가지 당부를 드리고자 합니다.
  먼저, 보행 중에는 주변을 계속 살피도록 지도해주시기 바랍니다. 횡단보도를 건널 때에는 좌·우를 살펴야 하며, 신호등이 초록불로 바뀌더라도 차가 멈추는 것을 꼭 확인하고 횡단할 수 있도록 해주시기 바랍니다.
  또한, 차도를 걷는 행위나 무단횡단, 보행 중 휴대전화 사용은 교통사고를 유발할 수 있는 매우 위험한 행동이므로 선생님들의 지속적인 교육을 요청드리며
자전거·킥보드 등을 이용하는 경우에는 반드시 헬멧·무릎 보호대 등 안전장구를 착용하고 되도록 차량 통행이 적은 안전한 장소를 이용하도록 하며, 횡단보도를 건널 때도 자전거에서 내려서 끌고 가도록 지도해주시기 바랍니다.
  어린이의 안전에 관하여는 우리 모두가 한마음이라고 생각합니다.
어린이들이 안전하고 행복한 밝은 세상에서 더 큰 꿈을 펼칠 수 있도록 다시 한 번 학교장님 이하 선생님들의 적극적인 관심과 협조를 부탁드립니다.
  그 밖에 어린이 교통안전 관련 문의 사항이 있으신 경우, 수서경찰서교통안전계
(담당 : 경장 윤종성, 02-2155-9359)에 전화 주시기 바랍니다. 학교장님과 선생님들의 의견을 수렴하여 어린이들이 안전한 보행환경을 조속히 마련하도록 노력하겠습니다.
  저희 수서경찰서 전 직원도 어린이들이 교통사고로부터 안전할 수 있도록 최선의 노력을 다하겠습니다.
꽃샘추위에 날씨는 춥지만 마음은 따뜻한 날들이 되시길 바라며, 학교장님의 가정에 행복이 가득하기를 기원합니다.
  감사합니다.
2023. 3.
수서경찰서장 총경 백 남 익 드림"
박정미,2023-06-02,65회 서울과학전람회 예선대회 개최요강,"65회 서울과학전람회 예선대회 개최요강 안내합니다. 
가통은 6월 7일에 안내됩니다. 
희망자는 8월 25일 금요일 9시까지 4의 3으로 제출합니다. "
배수연,2023-05-04,방과후학교 정책연구 온라인 설문조사 실시(학부모용)," 방과후학교 정책연구 온라인 설문조사 실시(학부모용)

서울시교육청 방과후학교 정책연구 온라인 설문조사를 다음과 같이 실시하오니, 학부모님의 의견이 적극 반영될 수 있도록 설문 참여에 협조를 부탁드립니다.
가. 연 구 명: 질 높은 방과후학교 운영을 위한 교육(지원)청-자치구 지원체제 및 시스템 구축에 관한 연구
나. 설문목적: 질 높은 방과후학교 운영 방안 마련을 위한 현장의견 수렴
다. 설문기간: 2023. 5. 3.(수) ~ 5. 9.(화)
라. 설문대상: 서울 소재 초등학교 교원(교장, 교감 포함), 방과후학교 강사 및 보호자(학부모)
마. 설문방법: 하단의 설문 링크 또는 QR코드 접속 후 개별 응답
사. 설문링크:
- 보호자(학부모용) : https://moaform.com/q/9HTjTF
- 참여 QR코드:"
김수현,2023-04-14,2023 학생 기후행동 365 학생 운영위원 지원 1차 서식,"1차 서류 서식 파일 다운로드 및 내용 기재 후,
[서식 1]: 한글 원본 파일+ 서명 후 스캔한 PDF파일
[서식 2, 3]: 한글 원본 파일만 필요

총 2개(한글 원본 파일 1묶음 + 서식 1 pdf 스캔파일) 의 서류를 usb에 담아
3학년 2반 교실로 제출해주십시오."
소아영,2022-11-29,2023학년도 학교교육계획 수립을 위한 학생 설문 안내,"2023학년도 학교교육계획 수립을 위한 학생 설문 안내입니다. 

3학년
https://forms.gle/gAAAR1TN7p9v8eXn8

4,5학년
https://forms.gle/xmn9ZQKeZ35o2jou6"
관리자,2022-03-08,제14기 서울대현초등학교운영위원회 구성 알림,"2022.3.1.자로 제13기 학교운영위원회 위원임기 만료에 따라
2022년 3월 중으로 제14기 학교운영위원회 구성을 추진하고 있습니다.
관심있는 학부모, 지역인사께서는 많은 참여 바랍니다."
민영미,2020-12-07,강도 높은 서울형 방역조치 시행에 따른 학교시설개방 중단 안내,"강도 높은 서울형 방역조치 시행에 따른 학교시설개방 중단 안내
? 학교 실내·외 시설 개방 중지
    ○ 개방 중지대상: 일시사용허가 중단
     단, 운동장 산책은 2단계 조치 유지하면서 가능
? 개방 중지기간: 2020.12.5.(토) 21시~ 별도 안내 시까지
붙임: 학교시설개방 안내문"
최유미,2023-03-22,2023학년도 국립전통예술고등학교 음악영재교육원 모집안내,국립전통예술고등학교에서 2023학년도 영재교육 대상자를 모집하오니 첨부된 모집요강을 참고하시기 바랍니다.
배수연,2023-03-20,제13기 주민참여예산위원회 위원 공개모집 안내,"제13기 주민참여예산위원회 위원 공개모집 안내


1) 위원임기: 2023. 5. 1. ~ 2024. 4. 30.(1년)
2) 모집인원: 40명(자치구별 1~2명)
3) 신청자격: 서울특별시교육감 관할 기관(학교)에 근무(재학)하는 자(교직원, 학생)
※ 학생위원은 고등학생 우선 선정 예정

4) 학부모 신청 방법: 주민참여예산 홈페이지(http://budget.sen.go.kr) 개별 신청
 "
최유미,2023-03-17,2023학년도 국립국악고등학교 영재교육원 영재교육대상자 모집 요강 - 음악(국악)분야 -,국립국악고등학교 국악예능영재교육원에서는 2023학년도 영재교육대상자를 모집하오니 하단의 첨부파일을 참고하시기 바랍니다.
최유미,2023-03-17,2023년 한국발명진흥회 2분기 '발명과학교실' 시행안내,"한국발명진흥회에서 발명과학교실에 참여할 학생들을 모집합니다.

○ 프로그램 : 발명과학교실 (장영실반, 훈민정음반)
○ 교육대상 : 초등 3~6 학년 
○ 운영장소 : 한국발명진흥회 지하1층 장영실 홀, 훈민정음 홀 (서울시 강남구 역삼동 한국지식재산센터)

관심 있는 학생과 학부모께서는 첨부파일을 참고하시어 지원하시기 바랍니다."
소아영,2023-03-17,2023 대현 학업성적관리규정,2023 대현 학업성적관리규정입니다. 
김수현,2023-03-16,2023 어스아워(Earth Hour) 소등 캠페인 안내,"2023년 3월 25일 저녁 8시 30분, 지구를 위한 1시간, 소등에 참여하는 어스아워(Earth Hour) 캠페인에 많은 참여 바랍니다."
배수연,2023-03-10,"2023학년도 악기 지도 외부강사 채용 공고 (1,2학년)","2023학년도 악기 지도 외부강사 채용 공고

1. 모집분야

순
영역
지도학년
요일
시 간
강사료
비고
1
악기
(오카리나, 컵타,
독도리나 등)
1,2학년
화,목요일
40분 수업
  연간 19차시*8학급
  (1G-4개반,2G-4개반)
  = 총 152차시
차시당 대면 시 30.000원
※ 교육과정 운영에
따라 차시 및 요일, 시간 조정될 수 있으나 기본 화,목요일은 변경 불가.
※ 마지막 차시에 발표회를 진행해야 함.
    2. 채용방법 및 일정
  가. 공고 및 접수기간 : 2023. 3. 10.(금) ~ 2023. 3. 16.(목) 12시까지
 나. 공고 일정 
일 정
비 고
모집공고
및
접수 기간
2023. 3. 10.(금)
~2023. 3. 16.(목) 12:00까지
? 본교 홈페이지 및 서울시교육청 병행 공고
? e-mail: (gsgrace153@sen.go.kr) 접수
? 문의 전화: 교무실 02-553-6922
? 학교 위치: 서울특별시 강남구 역삼로98길 16
1차 서류심사 및 결과 통보
2023. 3. 17.(금)
? 개별통보(합격자에 한해 면접일시 개별연락)
2차 면접심사
2023. 3. 20.(월) 14시 00분
? 1차 서류 전형에 합격한 자(개별통보)
※ 교육 콘텐츠의 일부를 요청할 수 있음.
최종 합격자 발표
2023. 3. 21.(화) 10:00 이후
? 합격여부 개별통보
? 본교 학교홈페이지에 공지
? 합격자는 2023. 3. 24. (금)까지 관련 서류 교무실제출"
배수연,2023-03-09,(서울특별시교육청 감사관) 청렴 엠블럼 문구 공모전,
김진희,2023-03-09,2023년 교육공무원 및 기간제교원 성과상여금 기준표,
배수연,2023-03-08,안전한 지역사회 만들기 설문 조사,"안전한 지역사회 만들기 설문 조사

1.기 간 : 2023.2.27(월) ~ 3.26(일) <4주간>

2. 방 법 : QR코드 인식 후 설문 참여

내 용 : 안전한 지역사회를 만들기 위한 주민 의견 수렴

실시기관 : 수서경찰서 생활안전과"
박정미,2023-06-02,65회 서울과학전람회 예선대회 개최요강,"65회 서울과학전람회 예선대회 개최요강 안내합니다. 
가통은 6월 7일에 안내됩니다. 
희망자는 8월 25일 금요일 9시까지 4의 3으로 제출합니다. "
배수연,2023-05-04,방과후학교 정책연구 온라인 설문조사 실시(학부모용)," 방과후학교 정책연구 온라인 설문조사 실시(학부모용)

서울시교육청 방과후학교 정책연구 온라인 설문조사를 다음과 같이 실시하오니, 학부모님의 의견이 적극 반영될 수 있도록 설문 참여에 협조를 부탁드립니다.
가. 연 구 명: 질 높은 방과후학교 운영을 위한 교육(지원)청-자치구 지원체제 및 시스템 구축에 관한 연구
나. 설문목적: 질 높은 방과후학교 운영 방안 마련을 위한 현장의견 수렴
다. 설문기간: 2023. 5. 3.(수) ~ 5. 9.(화)
라. 설문대상: 서울 소재 초등학교 교원(교장, 교감 포함), 방과후학교 강사 및 보호자(학부모)
마. 설문방법: 하단의 설문 링크 또는 QR코드 접속 후 개별 응답
사. 설문링크:
- 보호자(학부모용) : https://moaform.com/q/9HTjTF
- 참여 QR코드:"
김수현,2023-04-14,2023 학생 기후행동 365 학생 운영위원 지원 1차 서식,"1차 서류 서식 파일 다운로드 및 내용 기재 후,
[서식 1]: 한글 원본 파일+ 서명 후 스캔한 PDF파일
[서식 2, 3]: 한글 원본 파일만 필요

총 2개(한글 원본 파일 1묶음 + 서식 1 pdf 스캔파일) 의 서류를 usb에 담아
3학년 2반 교실로 제출해주십시오."
소아영,2022-11-29,2023학년도 학교교육계획 수립을 위한 학생 설문 안내,"2023학년도 학교교육계획 수립을 위한 학생 설문 안내입니다. 

3학년
https://forms.gle/gAAAR1TN7p9v8eXn8

4,5학년
https://forms.gle/xmn9ZQKeZ35o2jou6"
관리자,2022-03-08,제14기 서울대현초등학교운영위원회 구성 알림,"2022.3.1.자로 제13기 학교운영위원회 위원임기 만료에 따라
2022년 3월 중으로 제14기 학교운영위원회 구성을 추진하고 있습니다.
관심있는 학부모, 지역인사께서는 많은 참여 바랍니다."
민영미,2020-12-07,강도 높은 서울형 방역조치 시행에 따른 학교시설개방 중단 안내,"강도 높은 서울형 방역조치 시행에 따른 학교시설개방 중단 안내
? 학교 실내·외 시설 개방 중지
    ○ 개방 중지대상: 일시사용허가 중단
     단, 운동장 산책은 2단계 조치 유지하면서 가능
? 개방 중지기간: 2020.12.5.(토) 21시~ 별도 안내 시까지
붙임: 학교시설개방 안내문"
관리자,2023-03-06,2023학년도 학교폭력 전담기구 학부모 구성원 추천 안내,"우리 학교에서는 학교 폭력 전담기구(‘이하 전담기구’) 학부모 구성원을 아래와 같이 추천을 받고자 하오니
희망하시는 학부모님께서는 다음과 같이 신청하여 주시기 바랍니다.

1
학교폭력 전담기구 학부모 구성원 선출 개요
가. 관련 근거
「학교폭력예방 및 대책에 관한 법률 제14조 제3항」
「학교폭력예방 및 대책에 관한 법률 시행령 제16조 제3항」
나. 추천 학부모 구성원 : 3명
다. 위촉기간 : 2023. 3. 1. ~ 2025. 2. 28.

2
학교폭력 전담기구 학부모 구성원 추천 방법
가. 자격 : 1학년~5학년 학부모
나. 접수장소 : 서울대현초등학교 교무실
다. 기간 : 2023. 3. 13.(월) 18:00까지
라. 방법 : 본인 추천
마. 제출 서류
학교폭력 전담기구 학부모 구성원 추천 동의서
개인정보 제공 동의서
서류양식 : e-알리미 탑재 및 학교 홈페이지 탑재

3
추천 및 위촉 방법
가. 추천일 : 제1회 학교운영위원회 개최일
나. 추천방법 : 학교운영위원회에서 추천
다. 위촉방법 : 학교운영위원회에서 추천 후 학교장 위촉"
관리자,2023-03-03,"2023학년도 초 1,2학년 기초학력 협력강사 모집 공고문","서울대현초등학교애서 2023학년도 초등 1, 2학년 기초학력 협력강사를 채용하고자 합니다. 보다 자세한 내용은 첨부된파일을 참고하시기 바랍니다.

1) 접수기간 : 2023. 3. 3.(금) ~ 2023. 3. 9.(목) 12:00 도착분까지 접수
2) 접수방법 : shang1124@sen.go.kr 접수
가. 채용기간: 2023년 3월~ 12월 (방학기간 제외, 총 32주)
나. 보수: 시간당 25,000원(세금 및 본인부담 보험료 제외 전 기준)
※ 보수 지급 시 고용보험료 개인 부담금을 공제함(건강보험 및 연금보험 미적용)
다. 근무시간: 정규 수업시간(09:00~15:00) 내에서 주 14시간 이내
※ 근무 요일, 구체적인 근무시간은 추후 협의
러. 근무내용: 정규수업 시간(1/2학년 국어/수학) 담임교사와 협력수업 또는 보조수업(수업보조)
※ 세부내용은 담임교사와 협의하여 결정(협력강사 단독 수업 불가)"
차수미,2023-03-02,2023년 민간외교간 프로젝트 2기(중국어) 신청 안내,"*중국어 및 문화체험 원격 프로그램 「2023년도 민간외교관프로젝트 2기(중국어)」를 아래와 같이 운영합니다.
가. 기간: 2023. 3. 13.(월) ~ 2023. 6. 2.(금)
- 11주 과정, 월수금, 수금 방과후 40분, 시간대 선택 가능
나. 장소: 가정 등 온라인 수업이 가능한 장소
다. 대상: 초2~6학년 다문화 학생 및 일반 학생 중 희망자
라. 방법: 쌍방향 원격수업(Zoom, Padlet 어플 활용)
마. 참가비: 무료
바. 선정 방법: 무작위 추첨 (엑셀 프로그램 랜덤 추첨(난수발생) 활용)
사. 내용: 초급 중국어 및 문화수업
아. 지도강사: 이중언어강사(중국어)
자. 신청 방법: 온라인 설문으로 개별 신청 (2023. 3. 7.(화) 까지)
- http://survey.statschool.net/answer.jsp?a=80597에서 해당 시간 온라인 설문
(※ 신청 기간 이외에는 설문창이 열리지 않음)
차. 참가 선정자 안내: 개별 별도 안내(2023. 3. 9.~3. 10. 중)
  붙임 2023년 민간외교관 프로젝트 2기 운영 안내문(중국어) 1부. 끝."
김영숙,2023-02-28,2023년「제34회 강남구 아동친화도시 어린이 글짓기?그림그리기작품공모전」,"아동의 창의력 및 재능 발산 기회의 장을 마련하고자 
2023년「제34회 강남구 아동 친화도시 어린이 글짓기·그림그리기 작품공모전」을 
개최한다고 합니다. 관심 있는 어린이들의 많은 참여 바랍니다. 참가 신청은 첨부 파일
을 참고하세요.

○ 신청기간 :2023. 2. 27.(월) ~ 3. 8.(수)
○ 신청방법 :온라인(네이버 폼) 및 이메일
- 온라인(네이버 폼) 신청
? 홍보포스터 하단 QR코드 접속하여 신청
? 강남청소년수련관 홈페이지(http://www.gangnamyc.or.kr/) 접속 후 → 공지사항
→ [모집]제34회 강남구 아동친화도시 어린이 글짓기·그림그리기 작품공모전 참가 안내 → QR코드 인증(홍보포스터 QR 코드 가능) → 신청서 작성
- 이메일 신청 : 신청서 작성 후gangnam_yc@naver.com으로 전송
○ 공모부문 :① 글짓기(시·수필), ② 그림그리기
○ 공모주제 : 5가지 주제 중 1가지 선택 (주제는 강남청소년수련관 홈페이지 3. 10. 공개)
○ 제작사양 ※ 신청자에게 원고지·도화지 우편 발송
- 글짓기 : 원고지 5매 내외 / 그림그리기 : 흰색 바탕의 8절 도화지(27cm × 39cm)
나. 작품제출
○ 제출기간 : 2023. 3. 13.(월) ~ 3. 24.(금)
- 작품 뒷면에 이름과 소속을 기재
- 3. 24.(금) 18:00까지 강남청소년수련관에 접수된 작품만 인정
○ 제출방법 :방문 또는 우편
○ 제 출 처 : (06073) 강남구 영동대로 131길 26, 강남청소년수련관 공모전 담당자 앞
(☎ 02-3442-5160, 이슬기 팀장)"
관리자,2023-02-27,"2023학년도 악기,가창지도 외부강사 채용공고","서울대현초등학교에서 2023학년도 악기,가창지도 외부강사를 채용하고자합니다.
자세한 내용은 첨부파일을 확인하시기 바랍니다. "
배수연,2023-02-21,2023 6학년 초등 협력종합예술활동(분야:연극) 지도강사 채용 공고,"2023 6학년 초등 협력종합예술활동(분야:연극) 지도 강사 채용 공고



가. 모집분야: 6학년 9개반 대상‘초등 협력종합예술활동(분야: 연극)’지도강사

나. 모집인원: 1명(1-9반 1명, 학급당 24차시)
다. 채용기간: 2023.03.13.~ 2023.10.27.(차시완료까지 기간은 변동될 수 있음)
라. 제출서류: 응시원서, 자기소개서, 강의계획서
마. 공고게시: 학교 홈페이지 및 서울시교육청 홈페이지
바. 접수기간: 2023.2.21.(화) ~ 2023.2.27.(월) 15:00까지 마감
사. 1차 결과: 2023.2.28.(화). 15:00 (서류심사 후 결과 개별 통지)
아. 면접일시: 2023.3.3.(금) 14:30, 본관 4층 6-9교실(상황에 따라 화상면접)
  * 자세한 내용은 2023학년도 서울대현초 협력종합예술활동 연극강사 채용 공고문 확인 바랍니다.
    "
김수현,2023-02-15,2023학년도 기초학력 전담강사 채용 공고,"서울대현초등학교에서 2023학년도 기초학력 전담강사를 채용하고자 합니다.
자세한 내용은 첨부파일을 확인하시기 바랍니다."
박소영,2023-02-14,2023학년도 학교보건지원강사 채용 공고,"1. 공고기간: 2023.2.14.(화)~2022.2.17.(금) 12:00(정오)
2. 근무기간: 2023.3.~12.
3. 근무시간: 주당 15시간 미만(월60시간 미만)
4. 보수: 시급 25,000원
5. 채용인원: 1명
6. 세부사항은 첨부파일 참고 바랍니다."
배수연,2023-02-14,2023학년도 1학기 대현초 특수학급 방역인력 채용 공고,"2023학년도 1학기 대현초 특수학급 방역인력 채용 공고


1. 채용인원 : 1명
2. 채용기간 : 2023.3.1.~2023.7.20.(학교상황에 따라 채용기간이 변경될 수 있음)
*주말, 공휴일, 자율휴업일 비근무
3. 접수 일정
<지원서류 접수>
1) 기간: 2023. 2. 14.(화)~2.16(목) 16:00
2) 접수 방법: 방문 및 이메일 접수
3) 접수 장소: 서울대현초등학교 2층 도움2반, 담당자 메일: everel@sen.go.kr
(서울 강남구 역삼로 98길 16)

* 자세한 내용은 첨부파일 참고하시기 바랍니다."
김영숙,2023-02-08,2023 강남구 문예체 활동(뉴스포츠) 프로그램 강사 채용 공고,"서울대현초등학교에서 뉴스포츠 지도강사님을 모십니다.

1. 채용인원 : 3-4명
2. 채용시간 : 주 15시간이내
3. 보 수 : 시간당 30,000원
4. 자세한 내용은 첨부파일의 모집 공고를 살펴보시기 바랍니다."
박정미,2023-06-02,65회 서울과학전람회 예선대회 개최요강,"65회 서울과학전람회 예선대회 개최요강 안내합니다. 
가통은 6월 7일에 안내됩니다. 
희망자는 8월 25일 금요일 9시까지 4의 3으로 제출합니다. "
배수연,2023-05-04,방과후학교 정책연구 온라인 설문조사 실시(학부모용)," 방과후학교 정책연구 온라인 설문조사 실시(학부모용)

서울시교육청 방과후학교 정책연구 온라인 설문조사를 다음과 같이 실시하오니, 학부모님의 의견이 적극 반영될 수 있도록 설문 참여에 협조를 부탁드립니다.
가. 연 구 명: 질 높은 방과후학교 운영을 위한 교육(지원)청-자치구 지원체제 및 시스템 구축에 관한 연구
나. 설문목적: 질 높은 방과후학교 운영 방안 마련을 위한 현장의견 수렴
다. 설문기간: 2023. 5. 3.(수) ~ 5. 9.(화)
라. 설문대상: 서울 소재 초등학교 교원(교장, 교감 포함), 방과후학교 강사 및 보호자(학부모)
마. 설문방법: 하단의 설문 링크 또는 QR코드 접속 후 개별 응답
사. 설문링크:
- 보호자(학부모용) : https://moaform.com/q/9HTjTF
- 참여 QR코드:"
김수현,2023-04-14,2023 학생 기후행동 365 학생 운영위원 지원 1차 서식,"1차 서류 서식 파일 다운로드 및 내용 기재 후,
[서식 1]: 한글 원본 파일+ 서명 후 스캔한 PDF파일
[서식 2, 3]: 한글 원본 파일만 필요

총 2개(한글 원본 파일 1묶음 + 서식 1 pdf 스캔파일) 의 서류를 usb에 담아
3학년 2반 교실로 제출해주십시오."
소아영,2022-11-29,2023학년도 학교교육계획 수립을 위한 학생 설문 안내,"2023학년도 학교교육계획 수립을 위한 학생 설문 안내입니다. 

3학년
https://forms.gle/gAAAR1TN7p9v8eXn8

4,5학년
https://forms.gle/xmn9ZQKeZ35o2jou6"
관리자,2022-03-08,제14기 서울대현초등학교운영위원회 구성 알림,"2022.3.1.자로 제13기 학교운영위원회 위원임기 만료에 따라
2022년 3월 중으로 제14기 학교운영위원회 구성을 추진하고 있습니다.
관심있는 학부모, 지역인사께서는 많은 참여 바랍니다."
민영미,2020-12-07,강도 높은 서울형 방역조치 시행에 따른 학교시설개방 중단 안내,"강도 높은 서울형 방역조치 시행에 따른 학교시설개방 중단 안내
? 학교 실내·외 시설 개방 중지
    ○ 개방 중지대상: 일시사용허가 중단
     단, 운동장 산책은 2단계 조치 유지하면서 가능
? 개방 중지기간: 2020.12.5.(토) 21시~ 별도 안내 시까지
붙임: 학교시설개방 안내문"
관리자,2023-01-13,[교직원] 2022년 귀속 연말정산 관련 안내,"※ 2022년 귀속 연말정산 안내 ※
◈ 연말정산 간소화 서비스 PDF파일 나이스 업로드 기간(예정): 2023. 1. 20.(금)~2023. 1. 26.(목)
- 기한 내 미제출 시 개인적으로 종합소득세 신고(5월 중) 진행하셔야 합니다
- 공제 항목에 따른 제출 서류는 첨부파일 참고 바랍니다.
(특히 주택자금 및 월세, 연금계좌, 보험료, 교육비, 기부금 공제 해당자는 제출 서류 꼼꼼히 확인 부탁드립니다!)

NEIS-기본메뉴-연말정산-정산공제자료등록-기본사항-세대주/세대원 필히 확인부탁드립니다.

◈ 행정실 서류 제출기간: 2023. 1. 20.(금)~2023. 1. 26.(목)(기한엄수!!)
- 나이스 소득공제신고서 출력(서명 필수)
- 나이스 의료비지급명세서&기부금지급명세서&연금저축공제명세서 출력물
- 국세청 연말정산 PDF파일 출력(양면으로(주민등록번호 뒷자리까지 표기)
- 주민등록등본 또는 가족관계증명서(기본공제 대상이 등본 상 확인이 되지 않을 때)

- (해당자) 주택자금 및 월세, 연금계좌, 보험료, 교육비, 기부금 공제 관련 제출 서류(첨부파일 참조)


※ 유의사항

1. 2022년 중도입사자 및 복직자는 임용일/복직일 이후 자료만 공제대상
(국세청 자료 조회시 임용월 이후부터 체크한 후 다운로드), 전보자는 1년 전체
2. 기간제교원의 경우, 전임교 또는 이전 근무기관에 원천징수영수증 요청하여 연말정산 자료와 함께 제출
(예1) 2022. 3월 1일자 신규 임용자 → 2022년 3월~12월에 체크 후 다운로드
(예2) 2022. 6월 10일 복직자 → 2022년 6월~12월에 체크 후 다운로드
(예3)[교원 및 교육공무직원] 2022. 1~8월은 ○○고에서 근무하고, 2022. 9월 ㅇㅇ고로 전보 → 2022. 1월~12월 모두 체크 후 다운로드
3. 인적공제-기본공제에서 만 20세 이하 자녀(2002. 1. 1.이후 출생자)만 기본공제 체크돼있는지 반드시 확인
(잘못 체크 하시는 분들이 많습니다. 잘못 체크 하셨을 경우 수정 후 서류를 다시 제출하셔야 하니 꼭 꼼꼼하게 확인 부탁드립니다)


4. 인적공제 중 부녀자 항목은 급여 41,600,000원 이하인 여성 근로자(본인) 중 배우자가 있거나
그외 기본공제 대상자가 있는 세대주인 경우만 해당됩니다.

기타 자세한 내용은 첨부파일 참고 부탁드립니다."
배수연,2022-12-27,2023학년도 신입생 예비소집 안내문,"2023학년도 신입생 예비소집 안내문

1. 취학대상아동 예비소집 개요
구 분
주 요 내 용
일 시
● 2023. 1. 4. (수) 16:00~ 20:00
● 2023. 1. 5. (목) 16:00~ 20:00
접수ㆍ등록 장소
● 본관 1층 멀티실
● 출입 : 반드시 학교 후문을 이용해 주시기 바랍니다.
● 교문 입구에서 학교 보안관님의 안내에 따라 이동
● 마스크 미 착용시 교내 출입 불가
예비소집 대원칙
● 취학 대상 아동을 동반한 예비소집 참여(주민센터 발송 취학통지서 내용 참조)
- 아동의 소재ㆍ안전 확인 및 아동학대 예방과 방지, 조기 발견을 위해
취학 대상 아동 동반 응소 / 취학통지서 가지고 참석(온라인 제출자 제외)
● 코로나19 감염병 예방 및 원활한 업무처리를 위해 시간대별로 취학아동 예비소집 일정을 분산하였으니 협조하여 주시기 바랍니다.
● [2023학년도 대현초 취학대상 아동 시간대별 예비소집 일정] 대현초 학교홈페이지 / 공지사항 탑재 확인 요망
● 이사등의 문제로 대현초로 배정을 받았지만 다른 학교로 취학할 경우, 학부모님께서는 2023.1.4.(수)과 1.5.(목) 양일 중에 반드시 대현초로 취학하지 않음을 알려주시고, 학생이 취학하고자하는 학교로 가셔서 예비소집에 참석하여야만 합니다.
● 예비소집 불참아동의 소재 파악이 되지 않을 경우, 지침상 유선연락ㆍ내교요청ㆍ가정 방문등을 통해 불참아동의 소재와 안전을 반드시 확인하도록 되어 있으며, 필요한 경우 경찰에 의한 수사의뢰가 이루어질 수 있습니다.

2. 취학아동 예비소집 등록 진행 순서
구 분
주 요 내 용
1. 서류 작성
● 본관 1층 멀티실로 가셔서 입학안내자료 봉투를 받습니다.
● 봉투 안 안내자료를 모두 확인합니다.
? 신입생 입학안내 자료
? 등하교 안심문자 서비스 신청 안내
? 신입생 교육급여 및 교육비 지원 안내 교육통신문
? 신입생 초등돌봄교실 신청 안내 교육통신문 / 아침돌봄 신청 안내 교육통신문
? 신입생 ‘E-알리미’ 어플리케이션 사용 정보제공 동의 및 가입 안내 교육통신문
? 학사관리를 위한 개인정보 수집, 이용 동의 안내 교육통신문
● 당일 제출 서류 : ?, ? 의 개인정보 수집ㆍ이용 동의서 2장
● 궁금하신 사항은 안내하시는 본교 교직원분들께 문의하세요.
2. 접수ㆍ등록
● 멀티실 앞 남ㆍ여로 나뉘어진 접수처로 갑니다.
● 학생이름을 알려주세요. (취학아동명부에 있는 아동명을 확인합니다.)
● 항상 연락가능한 학부모님 연락처(핸드폰번호)를 알려주세요.
● 작성하신 각종 신청서와 취학통지서를 제출합니다.
● 학생의 안전 상황을 확인합니다.
● 제출자료 :
(필수제출) 취학통지서
학사관리를 위한개인정보 수집ㆍ이용 동의서
E-알리미 어플리케이션 사용 정보제공 동의 및 가입 신청서
(선택제출) 초등돌봄교실 입학신청서
● 취학통지서 온라인제출 서비스 이용자는 취학통지서를 제출하지 않습니다."
최유미,2022-12-20,2023년 ‘문턱 너머로’ 프로그램 안내," 2023년 ‘문턱 너머로’ 프로그램을 다음과 같이 안내하오니 희망자는 기간 내에 신청 바랍니다.
가. 일 시 : 2023.01.10.(화), 11.(수), 12.(목), 13.(금) / 14:00~17:00
나. 장 소 : 시립서울청소년센터 4층 너울가지
다. 대 상 : 4회기 활동 모두 참여 가능한 초등 5학년 ~ 중등 3학년
라. 인 원 : 총 12명(선착순 접수)
마. 내 용 : 배리어 프리 관련 교육 및 보드게임, 책자 제작 봉사활동 등 진행
바. 참 가 비 : 무료
사. 주 관 : 시립서울청소년센터, 프로젝트 시민
아. 활동혜택
1) 전체 활동 완료 시 봉사시간 발급(VMS)
2) 우수 참가자의 경우 프로젝트 시민 대표상 표창
자. 신청방법 : Google Form 신청(https://forms.gle/vpGrhzh7NdpJRuY98)
※ 신청은 12/26(월) 14시부터 가능(그 전에는 링크에 접속하더라도 신청서가 보이지 않음)
※ 형제, 친구 관계 등 상관 없이 1인 1신청서 작성
※ 담당자가 신청서 확인 후 참가/대기 관련하여 해당 참가자에게 안내 연락 진행
차. 문 의 : 시립서울청소년센터 창의사업팀 정낙훈(070-4268-4349, 02-2267-2111)"
배수연,2022-12-06,수서역세권 공공주택지구 통학구역 설정(안) 행정예고 알림,"수서역세권 공공주택지구 통학구역 설정(안) 행정예고 알림

첨부파일 확인하시고, 의견이 있을 시에는 공고기간 내에 의견을 제출하여 주시기 바랍니다.
가. 행정예고 내용 : 수서역세권 공공주택지구 통학구역 설정(안)
나. 행정예고 기간 : 2022. 12. 5 (월) ~ 2022. 12. 26 (월)"
배수연,2022-11-30,2022 학교 일상에서 인권이 실현되는 서울교육을 위한 개성을 실현할 권리의 보장 안내,"""2022 학교 일상에서 인권이 실현되는 서울교육을 위한
개성을 실현할 권리의 보장 안내"" 입니다."
소아영,2022-11-29,2023학년도 학교교육계획 수립을 위한 학생 설문 안내,"2023학년도 학교교육계획 수립을 위한 학생 설문 안내입니다. 

3학년
https://forms.gle/gAAAR1TN7p9v8eXn8

4,5학년
https://forms.gle/xmn9ZQKeZ35o2jou6"
차수미,2022-11-29,2022 강남서초교육지원청 초록별 지킴이 가족봉사단 성과보고회 참가 신청 안내,"2022 강남서초교육지원청 초록별 지킴이 가족봉사단 성과보고회 참가 신청을 안내합니다.

(학생) 개별 신청
- 신청 대상: 초록별 지킴이 가족봉사단 소속 학생
- 신청 기간: 2022. 11. 30.(수) 00:00 ~ 12. 6.(화) 24:00
- 신청 방법: 학생 또는 보호자가 웹사이트 링크를 통해 개별 신청
(https://naver.me/FiEiem3n)
  (교육지원청) 참가자 확정
- 확정 안내: 2022. 12. 8.(목) 보호자 연락처로 참가 확정 개별 안내
 "
김영숙,2022-11-14,2023학년도 서울학생필하모닉오케스트라 학생 단원 선발 계획 공고,"서울특별시교육청에서 주관하는「2023학년도 서울학생필하모닉오케스트라 단원 선발 계획」을 다음과 같이 안내하오니, 희망하는 학생은 첨부된 파일을 참고하여 지원 서류를 작성하여 12월 5일(월)까지 교과실에 김영숙 선생님께 제출 바랍니다. 신청 학생 서류를 수합하여 담당 선생님께서 접수합니다.

가. 공개전형 개요
1) 신청서 접수기간: 2022. 12. 5.(월) 09:00 ~ 12. 9.(금) 17:00
2) 신청대상: 2022학년도 서울시교육청 소속 초4 ~ 고2 학생 중 희망학생
※ 2023학년도 서울시교육청 소속 학교 재학 예정 학생
나. 공개전형 일정 안내
1) 일시: 2023. 1. 7.(토) 09:30~18:00 예정
2) 장소: 제1서울창의예술교육센터 대면 또는 비대면 공개전형
※ 코로나-19 상황에 따라 비대면 공개전형으로 진행할 수 있음
3) 대상: 2023 서울학생필하모닉오케스트라 단원 신청 접수 학생


* 악기 파트별 오디션 곡: [첨부파일1] 5페이지 확인 요망"
배수연,2022-11-10,강남구 마음건강 상담 '위안' 오픈," 강남구 마음건강  상담 '위안' 오픈 

 '마음건강'에 관심있는 분은 신청 및 참여가 가능합니다.

 첨부 파일 참고 바랍니다."
김창희,2022-11-07,2022년 시립서울청소년센터 초중등 대상 코딩 프로그램(건대랑 코딩할건대?-초급반/고급반) 참가자 모집 안내,"   시립서울청소년센터는 1970년에 세워진 우리나라 최초의 청소년센터로, 청소년의 올바른 인격형성과 균형 있는 성장을 돕기 위한 다양한 수련활동을 수행하여 청소년들이 건강한 민주시민으로 성장하는데 기여함을 목표로 하고 있습니다.본 센터에서는 프로그램에 참가할 청소년을 다음과 같이 모집하오니 관심과 참여를 부탁드립니다.
- 다 음 -
1. 사 업 명 : 2022년 ‘건대랑 코딩할건대?’
2. 활동기간 1) 초급반 : 2022.11.12.(토), 13.(일), 19.(토), 20.(일) 10:00~13:00 / 총 4회기
2) 중급반 : 2022.11.12.(토), 13.(일), 19.(토), 20.(일) 14:00~17:00 / 총 4회기
3. 장 소 : 시립서울청소년센터 4층 너울가지 / 을지로3가역
4. 대 상 : 초급반 ? 초등 4~6학년 / 중급반 ? 초등 4 ~ 중등 1학년
5. 인 원 : 각 반별 16명
6. 사업내용 : 코딩관련 기본 알고리즘 습득 및 실습을 통한 컴퓨팅 사고력 향상
7. 참 가 비 : 1인 20,000원
8. 주 관 : 시립서울청소년센터, 건국대학교
9. 신청방법 : Google Form 신청 / 자세한 사항은 붙임 파일 참고
10. 문 의 : 시립서울청소년센터 창의사업팀 / 070-4268-4335 또는 02-2267-2111"
박정미,2023-06-02,65회 서울과학전람회 예선대회 개최요강,"65회 서울과학전람회 예선대회 개최요강 안내합니다. 
가통은 6월 7일에 안내됩니다. 
희망자는 8월 25일 금요일 9시까지 4의 3으로 제출합니다. "
배수연,2023-05-04,방과후학교 정책연구 온라인 설문조사 실시(학부모용)," 방과후학교 정책연구 온라인 설문조사 실시(학부모용)

서울시교육청 방과후학교 정책연구 온라인 설문조사를 다음과 같이 실시하오니, 학부모님의 의견이 적극 반영될 수 있도록 설문 참여에 협조를 부탁드립니다.
가. 연 구 명: 질 높은 방과후학교 운영을 위한 교육(지원)청-자치구 지원체제 및 시스템 구축에 관한 연구
나. 설문목적: 질 높은 방과후학교 운영 방안 마련을 위한 현장의견 수렴
다. 설문기간: 2023. 5. 3.(수) ~ 5. 9.(화)
라. 설문대상: 서울 소재 초등학교 교원(교장, 교감 포함), 방과후학교 강사 및 보호자(학부모)
마. 설문방법: 하단의 설문 링크 또는 QR코드 접속 후 개별 응답
사. 설문링크:
- 보호자(학부모용) : https://moaform.com/q/9HTjTF
- 참여 QR코드:"
김수현,2023-04-14,2023 학생 기후행동 365 학생 운영위원 지원 1차 서식,"1차 서류 서식 파일 다운로드 및 내용 기재 후,
[서식 1]: 한글 원본 파일+ 서명 후 스캔한 PDF파일
[서식 2, 3]: 한글 원본 파일만 필요

총 2개(한글 원본 파일 1묶음 + 서식 1 pdf 스캔파일) 의 서류를 usb에 담아
3학년 2반 교실로 제출해주십시오."
소아영,2022-11-29,2023학년도 학교교육계획 수립을 위한 학생 설문 안내,"2023학년도 학교교육계획 수립을 위한 학생 설문 안내입니다. 

3학년
https://forms.gle/gAAAR1TN7p9v8eXn8

4,5학년
https://forms.gle/xmn9ZQKeZ35o2jou6"
관리자,2022-03-08,제14기 서울대현초등학교운영위원회 구성 알림,"2022.3.1.자로 제13기 학교운영위원회 위원임기 만료에 따라
2022년 3월 중으로 제14기 학교운영위원회 구성을 추진하고 있습니다.
관심있는 학부모, 지역인사께서는 많은 참여 바랍니다."
민영미,2020-12-07,강도 높은 서울형 방역조치 시행에 따른 학교시설개방 중단 안내,"강도 높은 서울형 방역조치 시행에 따른 학교시설개방 중단 안내
? 학교 실내·외 시설 개방 중지
    ○ 개방 중지대상: 일시사용허가 중단
     단, 운동장 산책은 2단계 조치 유지하면서 가능
? 개방 중지기간: 2020.12.5.(토) 21시~ 별도 안내 시까지
붙임: 학교시설개방 안내문"
노삼숙,2022-11-02,강남미래교육센터 개인별 체험 신청 안내,"< 강남미래교육센터 개인별 체험 신청 안내 >

관내 아동·청소년을 위한 4차산업 체험 및 교육 기관인""강남미래교육센터""
개인별 체험 신청 안내


□ 강남미래교육센터 운영 개요
○ 시 설 명 : 강남미래교육센터
○ 위 치 : 일원스포츠문화센터(영동대로 22) 1층
○ 내 용 : 4차 산업 관련 체험('우주' 주제 실감형 콘텐츠) 및 교육 등개인예약
○ 이용대상 : 강남구 거주 초등학교 4·5·6학년, 중학교 1학년
○ 신청방법 : 강남구청 홈페이지 인터넷 접수(개인예약)
[강남구청 홈페이지 ▶ 소통참여 ▶ 신청 ▶ 강남미래교육센터 ▶ 개인예약]
- 예약창 오픈 : 매월 20일 오전 09시~
- 인원 및 운영 : 회차별 12명 선착순 운영
 (1일 2회차 / 13:00~15:00 또는 15:00~17:00)
https://www.gangnam.go.kr/resv/apply/future_education/list.do?mid=ID04_04075203"
김창희,2022-10-27,2022 소프트웨어(SW)교육 페스티벌 운영 안내,"서울시 교육청에서 소프트웨어(SW), 인공지능(AI) 교육의 이해 증진과 긍정적 인식 확산을 위한 「2022 소프트웨어(SW)교육 페스티벌」을 다음과 같이 안내하오니, 많은 관심을 가지고 참여해주시기 바랍니다.

가. 행사명: 2022 SW교육 페스티벌(슬로건: 미래를 밝히는 내 삶의 SW)
나. 행사 기간: 2022. 11. 1.(화) ~ 11. 7.(월)
※ 개막 행사: 11. 1.(화) 10:00 ~ 18:00 / 코엑스(서울)
다. 운영 방법: 온·오프라인 병행
라. 참여 대상: 교사, 학생, 학부모 등 SW·AI교육에 관심 있는 누구나
마. 주최/주관: 교육부, 과학기술정보통신부/한국과학창의재단
바. 주요 프로그램: 온라인 전시·체험, 전문가 포럼 및 강연, 교원 연수 등
사. 프로그램 사전신청 안내
- 소프트웨어(SW)교육 페스티벌 홈페이지(https://www.software.kr/festival/kor/main.do)를 통해 개별 신청 ※ 엣지, 크롬, 사파리 웹브라우저 접속 권장

* 자세한 내용은 첨부된 2022 SW교육 페스티벌 운영계획 파일을 참고해주시기 바랍니다."
양은진,2022-10-24,2022학년 2학기 구입예정 도서목록,본 목록은 구입예정인 도서로 최종적으로 입수되는 도서목록과는 차이가 있을 수 있습니다.
김창희,2022-10-21,2022학년도 반포고등학교 과학 수학 동아리 어울림 한마당 안내,"반포고등학교 9개 동아리 학생들이 과학 및 수학 분야에 관심이 있는 학생들과 학부모님, 지역 주민분들을 모시고‘2022학년도 반포고등학교 과학 수학 동아리 어울림 한마당’을 개최하오니, 관심있는 학생들과 학부모님들께서는 참여하시기 바랍니다.

가. 일시 : 2022.10.26.(수) 16:00~18:00
나. 대상 : 반포고등학교 학생 및 인근 학교 학생, 학부모, 지역 주민
다. 장소 : 반포고등학교 운동장 및 1층 중앙현관 입구
라. 내용 : 과학 및 수학 관련 분야 부스 체험 활동
마. 참여 동아리 : 공학부(테슬라), 지구과학부(안타레스), 생명과학부(이스프릿), 의학부(바이오엠), 물리지학부,(PEW) 수학부(파스칼), 화학생물부(PSC), 과학잡지부(씨엔티아), 분자생물학부(ATP)
바. 문의 : 반포고등학교 융합과학교육부(02-2258-4166)
 "
김창희,2022-10-21,서울시교육청 온라인 sw교육 플랫폼 가입 방법(개별) 세부 안내,첨부 파일을 참고하여 온라인 sw교육 플랫폼에 가입하신 후 적극 활용하시기 바랍니다.
김경미,2022-10-21,2023학년도 적용 초등 5~6학년 검정 교과용 도서 선정결과 안내,"교육부의「초등 3~6학년 사회, 수학, 과학교과서 검정 전환 계획」에 따라 2023학년도 새 교과서 적용이 필요한 5ㆍ6학년군 검정교과용 도서를 교과용 도서 선정 절차에 따라 다음과 같이 선정하였음을 안내드립니다.
  1
2023학년도 교과서 검정 전환 계획
  검정교과서 전환
국정교과서 유지
검정교과서 유지
사회, 사회과부도, 수학, 수학익힘,
과학, 실험관찰
국어, 도덕
영어, 음악, 미술
체육, 실과
2023학년도 5ㆍ6학년 적용
  2
교과용도서 선정 절차
  1단계 : 의견수렴 후
선정심의(안) 작성
  2단계 : 심의



  3단계 : 확정


  4단계 : 
주문 및 학교홈페이지 공개
[교과협의회]
  [학교운영위원회]
  [학교장]
  [업무담당자]
              3
교과용도서 선정 과정
  선 정 절 차
주요내용 및 일정 개요
교과협의회 구성
? 2022. 9. 2. (금) 수학, 과학, 사회 각 교과별 5인
1차 교과협의회 개최
? 2022. 9. 8. (목) 14:30~ 교과협의회 대표교사, 
   학년별 위원1명
교과용도서 심사
? 2022. 9. 14. (수) 14:30~ / 각 교과협의회별 지정장소
2차 교과협의회 개최
? 2022. 9. 14. (수) 16:00~ / 회의실
학교운영위원회 심의
? 2022. 10. 17. (월)
선정할 교과용도서 최종 확정
? 2022. 10. 18. (화)
? 교과용도서 선정 부조리 예방 대책 교직원 연수 실시 : 2022. 9. 13. (화) 14:30~
? 학교운영위원회 교과용도서 선정 부조리 예방 대책 관련 자료 제공 : 2022. 10. 17. (월)
  4
학교운영위원회 심의
  1. 학교운영위원회 심의일자 : 2022. 10. 17.(월) 14:30~
2. 심의대상과목
구 분
학년
도서구분
추천수
교과용도서
교과협의회
추천
검정(인정)도서
5학년
검정도서
각 3종
사회, 사회과부도, 수학, 수학익힘, 과학, 실험관찰
6학년
검정도서
각 3종
사회, 사회과부도, 수학, 수학익힘, 과학, 실험관찰
  3. 선정과정 : 심의ㆍ확정 단계
선 정 과 정
일 시
내 용
학교운영위원회 심의
2022.10.17.(월)
* 교과협의회 추천 검정?인정도서의 선정
  기준, 선정절차등의 타당성 심의
* 교과협의회에서 추천된 각 과목별 1순위
  교과용도서를 2023학년도 적용 교과용
  도서로 선정함을 심의
최 종 확 정
2022.10.18.(화)
* 학교운영위원회의 심의 결과를 받아들여 2023
  학년도 적용 교과용도서 선정 학교장 최종
  확정
  5
최종 선정 검정(인정) 도서
  과 목
출판사명
과 목
출판사명
사 회
5~6학년군(5학년/6학년)
비상교과서
(김현섭)
사회과 부도
5~6학년군(5학년/6학년)
비상교과서
(김현섭)
수 학
5~6학년군(5학년/6학년)
아이스크림미디어
수 학 익 힘
5~6학년군(5학년/6학년)
아이스크림미디어
과 학
5~6학년군(5학년/6학년)
아이스크림미디어
실 험 관 찰
5~6학년군(5학년/6학년)
아이스크림미디어
  학교장에 의한 검정 교과용도서 최종확정 단계까지 모든 선정절차를 공정하게 준수하였습니다. 학교운영위원회에 검정도서 선정 부조리 예방대책 관련 자료 제공 및 교과용도서 선정 부조리 예방 대책 교직원 연수도 실시함으로써 교과용도서 선정의 공정성을 확보하여 진행하였음을 알려드립니다."
김창희,2022-10-20,2022 강남미래인재교육원 특강 <함께하는 미래세대 과학교육> 안내,"강남구와 서울대학교가 공동 주최·운영하는 강남미래인재교육원에서 특강 <함께하는 미래세대 과학&교육>을 진행하오니 참석을 원하시는 분은 사전 신청하여 주시길 바랍니다.

□ 강남미래인재교육원 특강 안내
○ 프로그램명 : 2022 강남미래인재교육원 특강 <함께하는 미래세대 과학&교육>
○ 운 영 주 최 : 강남구-서울대학교
○ 운 영 기 간 : 2022.10.29.(토), 11.12.(토), 12.3.(토) 14:00~17:00 (3회)
○ 운 영 장 소 : 강남미래교육센터(일원스포츠문화센터(영동대로 22) 1층)
※ 오프라인 및 온라인(유튜브) 동시 진행
○ 운 영 대 상 : 교사 및 학부모 등 일반인
○ 참 여 방 법 : 사전 신청자에 한하여 특강 참여 가능
※ 안내문 QR코드(첨부파일)를 통해서 개별 신청"
차수미,2022-10-18,2022 강남서초 생동UCC 캠페인 안내,"주제: “지구야, 힘 내!” - 생태전환 및 환경보호 관련 자유주제
(예1) 농민의 날(11.11.) 연계 먹거리 생태전환 학급 활동
(예2) 하루 한 가지! 지구를 지키는 멋진 우리 가족!
기간: 2022. 10. 22.(토) ~ 11. 13.(일)
대상: 우리교육지원청 관내 초·중·고 학생, 학교 밖 청소년 및 가족
분야: ①학급 및 동아리, ②개인 및 가족
방법
① 주제와 관련된 UCC 제작
영상길이
용량제한
영상포멧
2분 이내
300MB 이하
MP4, MOV, AVI 등
② [서식1] 참가신청서, [서식2] 개인정보 및 초상권 활용동의서(개인별) 작성 후 스캔(JPG 또는 PDF)-첨부파일 참조
③ ①파일, ②서류 강남서초교육지원청 생태전환교육 메일로 송부
(greenstarfamily@sen.go.k.r)
※ 각종 서식은 강남서초교육지원청 홈페이지(http://gnscedu.sen.go.kr/) 공지사항에서 다운
혜택: 심사 미실시, 참가자 전원 기념품 증정
 "
김영숙,2022-10-14,2022 어린이날 100주년 기념 서울 어린이 가을 놀이 한마당 개최 안내,"2022 어린이날 100주년 기념 ‘서울 어린이 가을 놀이 한마당’ 개최를 안내 합니다. 관심있는 학생들은 참고하여 참여바랍니다.

가. 일시: 2022. 10. 29.(토) 12:00 ~ 16:00
나. 장소: 경희궁 공원(서울특별시 종로구 신문로2가 2-1)
다. 대상: 서울특별시교육청 관내 초등학생 및 가족
라. 내용: 부스별 체험·놀이 프로그램 및 공연 운영
마. 참가신청 사이트 주소 및 QR코드
https://bit.ly/3Ui2zh6"
김창희,2022-10-12,2022 온라인 코딩파티 시즌2 안내,"누구나 코딩 등을 쉽고 재미있게 학습할 수 있도록 다양한 온라인 소프트웨어·인공지능교육 체험 기회를 제공하기 위하여 '2022 온라인 코딩파티 시즌2' 행사를 아래와 같이 안내하오니, 관심이 있는 학생들이 많이 참가할 수 있도록 협조하여 주시기 바랍니다.

가. 행 사 명 : 2022 온라인 코딩파티 시즌2
나. 행사기간 : 2022. 10. 11.(화) ~ 11. 21.(월), 6주간
다. 참가대상 : 소프트웨어·인공지능교육에 관심 있는 사람은 누구나(참가비 무료)
라. 참가방법 : SW중심사회포털(www.software.kr) 내 온라인 코딩파티 접속
마. 주 최 : 과학기술정보통신부, 교육부
바. 주 관 : 한국과학창의재단

*자세한 내용은 아래 첨부 파일 참고"
박정미,2023-06-02,65회 서울과학전람회 예선대회 개최요강,"65회 서울과학전람회 예선대회 개최요강 안내합니다. 
가통은 6월 7일에 안내됩니다. 
희망자는 8월 25일 금요일 9시까지 4의 3으로 제출합니다. "
배수연,2023-05-04,방과후학교 정책연구 온라인 설문조사 실시(학부모용)," 방과후학교 정책연구 온라인 설문조사 실시(학부모용)

서울시교육청 방과후학교 정책연구 온라인 설문조사를 다음과 같이 실시하오니, 학부모님의 의견이 적극 반영될 수 있도록 설문 참여에 협조를 부탁드립니다.
가. 연 구 명: 질 높은 방과후학교 운영을 위한 교육(지원)청-자치구 지원체제 및 시스템 구축에 관한 연구
나. 설문목적: 질 높은 방과후학교 운영 방안 마련을 위한 현장의견 수렴
다. 설문기간: 2023. 5. 3.(수) ~ 5. 9.(화)
라. 설문대상: 서울 소재 초등학교 교원(교장, 교감 포함), 방과후학교 강사 및 보호자(학부모)
마. 설문방법: 하단의 설문 링크 또는 QR코드 접속 후 개별 응답
사. 설문링크:
- 보호자(학부모용) : https://moaform.com/q/9HTjTF
- 참여 QR코드:"
김수현,2023-04-14,2023 학생 기후행동 365 학생 운영위원 지원 1차 서식,"1차 서류 서식 파일 다운로드 및 내용 기재 후,
[서식 1]: 한글 원본 파일+ 서명 후 스캔한 PDF파일
[서식 2, 3]: 한글 원본 파일만 필요

총 2개(한글 원본 파일 1묶음 + 서식 1 pdf 스캔파일) 의 서류를 usb에 담아
3학년 2반 교실로 제출해주십시오."
소아영,2022-11-29,2023학년도 학교교육계획 수립을 위한 학생 설문 안내,"2023학년도 학교교육계획 수립을 위한 학생 설문 안내입니다. 

3학년
https://forms.gle/gAAAR1TN7p9v8eXn8

4,5학년
https://forms.gle/xmn9ZQKeZ35o2jou6"
관리자,2022-03-08,제14기 서울대현초등학교운영위원회 구성 알림,"2022.3.1.자로 제13기 학교운영위원회 위원임기 만료에 따라
2022년 3월 중으로 제14기 학교운영위원회 구성을 추진하고 있습니다.
관심있는 학부모, 지역인사께서는 많은 참여 바랍니다."
민영미,2020-12-07,강도 높은 서울형 방역조치 시행에 따른 학교시설개방 중단 안내,"강도 높은 서울형 방역조치 시행에 따른 학교시설개방 중단 안내
? 학교 실내·외 시설 개방 중지
    ○ 개방 중지대상: 일시사용허가 중단
     단, 운동장 산책은 2단계 조치 유지하면서 가능
? 개방 중지기간: 2020.12.5.(토) 21시~ 별도 안내 시까지
붙임: 학교시설개방 안내문"
배수연,2022-10-12,코로나19 대응 방역활동 지원 충원 인력 공고,"코로나19 대응 방역활동 지원 충원 인력 공고

1. 채용인원 및 업무내용

구분
급여형태
인원
봉사내용
코로나19 대응
방역 인력
일급제
1명
- 교내 지정장소 방역(소독)
- 돌봄교실 원격학습 도움 지원
- 그 외 학교장이 지정하는 업무

2. 자격요건 : 학교 근무 유경험자 우대
3. 채용기간 : 2022. 10. 24. ~ 2023. 2. 28. (코로나 상황 종료시까지)
코로나19 상황에 따라 위촉 기간이 변경될 수 있음
주말,공휴일, 방학기간 비근무

* 자세한 내용은 첨부파일 확인 바랍니다."
김수현,2022-10-11,강남서초학습도움센터 5감만족 학부모 연수 신청 안내,"- 5감 만족 학부모 연수 안내 -

? 일시: 2022. 10. 31. (월) 19:00~21:00
? 강사: 박찬선
- 「연아혜윰」(심리상담, 인지와 사회성 연구소) 대표
- 저서: 「느린 학습자의 공부」, 「경계선 지능을 가진 아이들」 등
? 방법: 비대면 연수 (ZOOM)
? 참가: 강남서초교육청 관내 초?중등 학부모 (50명 내외)
? 내용
- 느리게 배우는 아이들의 특성
- 가정에서 꼭 지도해야 할 것들
- 학교와 협력하는 방법


? 신청 안내
? 신청기간: 2022. 10. 7.(금) 09:00 ~ 10. 14.(금) 17:00
? 신청방법: 온라인 신청
- 링크 접속 https://forms.gle/eTi8NF9sDbgDdKHN7


? 진행 절차
선정 결과 안내
?
5감만족 학부모연수
학부모 연수 참가자 확정
10. 14.(금) 문자 안내
10. 31.(월) 19:00~21:00


? 문의: 강남서초학습도움센터 (☎ 02-6953-2344)"
김창희,2022-10-07,2022학년도 미래를 향해 꿈을 펼치는 풍문고 강남구 관내 초등학교 제 2차 메이커 교실 신청안내,"<운영 방침>

가. 기간: 1기(2022.10.17.(월) ~ 2022.10.20.(목)) 
          2기(2022.10.24.(월) ~ 2022.10.27.(목))
나. 대상자: 강남구 관내 초등학교 5학년, 6학년 학생 기수별 각 최대 15명, 총 30명
다. 참가비: 무료(강남구청 예산으로 편성)
라. 세부 추진 계획: 첨부파일 참고
마. 신청 방법: 신청을 원하는 학생이 아래 참가 신청서 파일을 개별적으로 작성하여 풍문고 담당자께 전송(gusehd774@sen.go.kr)
바. 신청 기간: 2022.10.7.(금) ~ 2022.10.10.(월)
사. 접수 방법: 신청 기간내 선착순 접수, 학교별 최대 4명


*자세한 내용은 운영 계획 파일을 참고하여 개별적으로 신청해주시길 바랍니다.*"
배수연,2022-09-30,사이쉼 부모생활백서 vol2 참가자 모집,"  사이쉼 부모생활백서 vol2 참가자 모집
  가. 주제 및 일시:
?Guide3 <전문가와 함께 하는 1:1 양육코칭>
-일시: 2022년 11월10일,17일,24일(목요일만 진행), 단회기(90분)
-대상: 관내 중·고등학생의 부모(양육자) 10명
?Guide4 부모 마음돌봄 집단프로그램 <치유글쓰기 3기>
-일시: 2022년 10월12일-11월16일(매주 수요일), 주 1회(2시간), 총 6회기
-대상: 관내 아동·청소년의 부모(양육자) 10명 내외
?Guide5 부모 마음돌봄 집단프로그램 <내가 펼친 그림책 2기>
-일시: 2022년 10월18일-11월22일(매주 화요일), 주 1회(2시간), 총 6회기
-대상: 관내 아동·청소년의 부모(양육자) 10명 내외
나. 신청방법:청소년심리지원센터 사이쉼 홈페이지(온라인) 선착순 신청
-신청기간: 2022년 9월27일(화) 12시 ~ 10월 7일(금) 17시
※선착순 모집이 완료되면 조기 마감될 수 있습니다.
다. 비용:무료
라. 문의:강남구 청소년심리지원센터 사이쉼 ☎ 02-3423-8746
   "
배수연,2022-09-30,2022학년도 관악구 교육경비 보조사업 '광신중학교 농구교실' 무료수강 학생 모집 공고," 관악구 교육경비 보조사업 '광신중학교 농구교실' 무료수강 학생 모집 공고


 2022학년도 관악구 교육경비 보조사업의 일환으로 광신중학교 농구교실을 아래와 같이 진행하오니 농구에 소질 있고 관심있는 학생들의 지원 바랍니다.
  세부 내용
비고
프로그램명
2022학년도 광신중학교 농구교실
수강료 무료
프로그램 소개
광신중학교 농구부(학생선수) 훈련을 체험하고 고급 기본기 및 농구 전술을 배우며 농구 기량 향상에 목적을 두는 프로그램
첨부파일 참조
강사명
유성호(前 원주 DB, 삼성 썬더스 소속 프로농구 선수)
배재현(광신중 농구부장)
  참가 대상
1. 서울시내 초등학교 5, 6학년, 중학교 1, 2학년 남자 학생
2. 농구에 소질이 있고 일정 수준 이상의 기량을 갖춘 학생
3. 또래에 비해 키가 큰 학생(초5: 160cm 이상, 초6: 165cm
이상, 중1: 175cm 이상, 중2: 180cm 이상)
1. 첨부파일 참조
2. 대상이 아닐 경우
직접 문의 요망
3. 초 175cm, 중 190cm
이상이면 학년 무관
운영 기간
2022. 10. 4. ~ 2022. 12. 31. 중 평일 방과후, 주말 상시 운영
참가 확정 학생의 경우
세부 일정 조율 가능
운영 장소
광신중학교 체육관(서울시 관악구 광신길 141)
  참여 방법
전화 신청(02-881-8683, 농구부장 배재현)
 "
김창희,2022-09-28,2022 서울학생 페임랩(Fame Lab)경연대회 안내생 접수 기간 연장 안내,* 서류제출 기간: 2022. 9. 1. (목)~ 10. 5. (수) [기간연장]
배수연,2022-09-20,2학기 특수학급 방역인력 채용공고,"2학기 특수학급 방역인력 채용공고


1. 채용인원 및 업무내용
구분
급여형태
채용인원
업무내용
특수학급 방역인력
일급제
1명
장애학생 교육활동 및 급식, 신변처리 지원
교내 지정 장소 방역 (소독)
그 외 학교장이 지정하는 업무

2. 채용기간
2022.10.1.~2023.2.10.(학교상황에 따라 채용기간이 변경될 수 있음)
*주말, 공휴일, 자율휴업일 비근무

* 자세한 내용은 첨부 파일 확인 바랍니다."
박은정,2022-09-14,2023학년도 계원예술중학교 신입생 입학전형 요강 안내,2023학년도 계원예술중학교 신입생 입학전형 요강을 안내하오니 첨부파일을 확인하십시오.
차수미,2022-09-08,서울학생기후행동 365 회원의 제안 사업인 「저자와의 대화」신청 안내,"「저자와의 대화」프로그램 운영 신청 안내
1. 서울학생기후행동 365 회원의 제안 사업인 「저자와의 대화」프로그램 운영 계획을 다음과 같이 안내하오니, 희망하는 학생들이 신청할 수 있도록 해 주시기 바랍니다.
가. 일시: 2022. 9. 29.(목) 16:00 ~ 17:30
나. 장소: 순화동천(서울시 중구 서소문로 9길 28)
다. 대상: 서울시교육청 소속 초등학생 30명 내외(서울학생기후행동 365 회원 우선)
라. 강사: 최원형 작가(「라면을 먹으면 숲이 사라져」 저자)
마. 행정 사항: 참가 신청서 제출
1) 기한: 2022. 9. 16.(금) 까지
2) 방법: 담임 선생님께 알리기
3) 기타: 선정된 학생 대상 공문 발송 및 문자 안내 예정(2022. 9. 21.) "
차수미,2022-09-08,2022 푸른 하늘의 날 운영 계획 안내,2022 푸른 하늘의 날 운영 계획을 안내합니다.
박정미,2023-06-02,65회 서울과학전람회 예선대회 개최요강,"65회 서울과학전람회 예선대회 개최요강 안내합니다. 
가통은 6월 7일에 안내됩니다. 
희망자는 8월 25일 금요일 9시까지 4의 3으로 제출합니다. "
배수연,2023-05-04,방과후학교 정책연구 온라인 설문조사 실시(학부모용)," 방과후학교 정책연구 온라인 설문조사 실시(학부모용)

서울시교육청 방과후학교 정책연구 온라인 설문조사를 다음과 같이 실시하오니, 학부모님의 의견이 적극 반영될 수 있도록 설문 참여에 협조를 부탁드립니다.
가. 연 구 명: 질 높은 방과후학교 운영을 위한 교육(지원)청-자치구 지원체제 및 시스템 구축에 관한 연구
나. 설문목적: 질 높은 방과후학교 운영 방안 마련을 위한 현장의견 수렴
다. 설문기간: 2023. 5. 3.(수) ~ 5. 9.(화)
라. 설문대상: 서울 소재 초등학교 교원(교장, 교감 포함), 방과후학교 강사 및 보호자(학부모)
마. 설문방법: 하단의 설문 링크 또는 QR코드 접속 후 개별 응답
사. 설문링크:
- 보호자(학부모용) : https://moaform.com/q/9HTjTF
- 참여 QR코드:"
김수현,2023-04-14,2023 학생 기후행동 365 학생 운영위원 지원 1차 서식,"1차 서류 서식 파일 다운로드 및 내용 기재 후,
[서식 1]: 한글 원본 파일+ 서명 후 스캔한 PDF파일
[서식 2, 3]: 한글 원본 파일만 필요

총 2개(한글 원본 파일 1묶음 + 서식 1 pdf 스캔파일) 의 서류를 usb에 담아
3학년 2반 교실로 제출해주십시오."
소아영,2022-11-29,2023학년도 학교교육계획 수립을 위한 학생 설문 안내,"2023학년도 학교교육계획 수립을 위한 학생 설문 안내입니다. 

3학년
https://forms.gle/gAAAR1TN7p9v8eXn8

4,5학년
https://forms.gle/xmn9ZQKeZ35o2jou6"
관리자,2022-03-08,제14기 서울대현초등학교운영위원회 구성 알림,"2022.3.1.자로 제13기 학교운영위원회 위원임기 만료에 따라
2022년 3월 중으로 제14기 학교운영위원회 구성을 추진하고 있습니다.
관심있는 학부모, 지역인사께서는 많은 참여 바랍니다."
민영미,2020-12-07,강도 높은 서울형 방역조치 시행에 따른 학교시설개방 중단 안내,"강도 높은 서울형 방역조치 시행에 따른 학교시설개방 중단 안내
? 학교 실내·외 시설 개방 중지
    ○ 개방 중지대상: 일시사용허가 중단
     단, 운동장 산책은 2단계 조치 유지하면서 가능
? 개방 중지기간: 2020.12.5.(토) 21시~ 별도 안내 시까지
붙임: 학교시설개방 안내문"
박은정,2022-09-07,2023학년도 서울체육중학교 신입생 입학전형 요강 안내,2023학년도 서울체육중학교 신입생 입학전형 요강을 안내하오니 첨부파일을 확인하십시요.
관리자,2022-09-07,2022학년도 방과후 과정 보조인력 (3세대하모니자원봉사자)모집 공고,"◈2022학년도 방과후과정 보조인력(3세대하모니자원봉사자)채용을 다음과 같이 공고하고자 합니다.

1. 직종 및 인원 : 방과후 과정 보조인력(3세대 하모니 자원봉사자)1명 (만40세이상)

2. 접수기간 및 접수처
가. 접수기간 : 2022.9.2(금) ~ 채용 시까지
나. 접 수 처 : 서울대현초등학교병설유치원 교무실 ( ☎501-6408)
다. 접수방법 : 직접 방문접수 또는 인터넷 이메일 접수 (daehyunkd@sen.go.kr)
라. 전형방법 : 서류 접수 및 면접 실시 후 적부 결정(개별통보)

3. 담당업무 : 방과후 과정 유아의 간식준비 및 주방위생 청결관리, 침구 세탁, 유아 활동 지원 등

*자세한 사항은 첨부파일 참조바랍니다."
박은정,2022-09-05,2023학년도 용북중학교 신입생 입학전형 요강 안내,2023학년도 용북중학교 신입생 입학전형 요강 안내를 하오니 첨부파일을 확인해주십시요.
박은정,2022-09-05,2023학년도 영훈국제중학교 신입생 입학전형 요강 안내,2023학년도 영훈국제중학교 신입생 입학전형 요강을 안내하오니 첨부파일을 확인해주십시요.
김영숙,2022-09-05,제7회 서울국제어린이 창작영화제(SKIFF) 안내,"제7회 『서울국제어린이창작영화제(SKIFF)』가 아래와 같이 개최됩니다. 참고하여 많은 참여 바랍니다.


가. 대상 : 어린이(경쟁부분, 환경부분, 55초영화부분)와 청소년 등(비경쟁
부분)
나. 출품 기한 : 2022. 8. 25.(목) ~ 9. 30.(금) 16:00
다. 출품 방법 : 홈페이지 온라인 출품( https://www.sikff.kr )
라. 제7회 서울국제어린이창작영화에 행사 일정
1) 개막식 : 2022.10.21.(금) 온라인 실시(홈페이지, 유튜브 방송)
2) 시상식 : 2022.10.28.(금) 14:00 글로벌지식협력단지, 유튜브 생방송
3) 상영 : 2022.10.21.(금)~10.29(토) 답십리영화미디어아트센터 상영관,
홈페이지 메타버스 상영관
4) 축제 : 2022.10.29.(토) 11:00~17:00 답십리영화미디어아트센터 및
답십리촬영소 영화의 거리
마. 문의 : 서울동답초 문화예술부장(02-2213-9820, 내선401), 홈페이지
문의게시판"
박정미,2023-06-02,65회 서울과학전람회 예선대회 개최요강,"65회 서울과학전람회 예선대회 개최요강 안내합니다. 
가통은 6월 7일에 안내됩니다. 
희망자는 8월 25일 금요일 9시까지 4의 3으로 제출합니다. "
배수연,2023-05-04,방과후학교 정책연구 온라인 설문조사 실시(학부모용)," 방과후학교 정책연구 온라인 설문조사 실시(학부모용)

서울시교육청 방과후학교 정책연구 온라인 설문조사를 다음과 같이 실시하오니, 학부모님의 의견이 적극 반영될 수 있도록 설문 참여에 협조를 부탁드립니다.
가. 연 구 명: 질 높은 방과후학교 운영을 위한 교육(지원)청-자치구 지원체제 및 시스템 구축에 관한 연구
나. 설문목적: 질 높은 방과후학교 운영 방안 마련을 위한 현장의견 수렴
다. 설문기간: 2023. 5. 3.(수) ~ 5. 9.(화)
라. 설문대상: 서울 소재 초등학교 교원(교장, 교감 포함), 방과후학교 강사 및 보호자(학부모)
마. 설문방법: 하단의 설문 링크 또는 QR코드 접속 후 개별 응답
사. 설문링크:
- 보호자(학부모용) : https://moaform.com/q/9HTjTF
- 참여 QR코드:"
김수현,2023-04-14,2023 학생 기후행동 365 학생 운영위원 지원 1차 서식,"1차 서류 서식 파일 다운로드 및 내용 기재 후,
[서식 1]: 한글 원본 파일+ 서명 후 스캔한 PDF파일
[서식 2, 3]: 한글 원본 파일만 필요

총 2개(한글 원본 파일 1묶음 + 서식 1 pdf 스캔파일) 의 서류를 usb에 담아
3학년 2반 교실로 제출해주십시오."
소아영,2022-11-29,2023학년도 학교교육계획 수립을 위한 학생 설문 안내,"2023학년도 학교교육계획 수립을 위한 학생 설문 안내입니다. 

3학년
https://forms.gle/gAAAR1TN7p9v8eXn8

4,5학년
https://forms.gle/xmn9ZQKeZ35o2jou6"
관리자,2022-03-08,제14기 서울대현초등학교운영위원회 구성 알림,"2022.3.1.자로 제13기 학교운영위원회 위원임기 만료에 따라
2022년 3월 중으로 제14기 학교운영위원회 구성을 추진하고 있습니다.
관심있는 학부모, 지역인사께서는 많은 참여 바랍니다."
민영미,2020-12-07,강도 높은 서울형 방역조치 시행에 따른 학교시설개방 중단 안내,"강도 높은 서울형 방역조치 시행에 따른 학교시설개방 중단 안내
? 학교 실내·외 시설 개방 중지
    ○ 개방 중지대상: 일시사용허가 중단
     단, 운동장 산책은 2단계 조치 유지하면서 가능
? 개방 중지기간: 2020.12.5.(토) 21시~ 별도 안내 시까지
붙임: 학교시설개방 안내문"
김영숙,2022-07-11,제1회 전국어린이 독후감쓰기 대회 행사,한국아동문학인협회 주최 제1회 전국어린이 독후감쓰기 대회 행사가 개최된다고 합니다. 관심있는 아동들의 많은 참여 바랍니다.
박은정,2022-07-08,2023학년도 영선중학교 신입생 모집 및 입학요강,첨부파일을 확인하십시요.
김영숙,2022-07-06,제57회 전국 초등학생 음악경연대회 개최,* 서울교육대학교가 대한민국 초등학교 학생들의 재능 발굴과 정서 함양을 위해 붙임과 같이 제 57회 전국 초등학생 음악경연대회를 개최합니다. 관심 있는 학생들은 참가바랍니다.
배수연,2022-06-22,『다+온센터』 다문화 학부모(보호자) 온라인 아카데미 신청 안내,
박은정,2022-06-17,2023학년도 계원예술중학교 입학설명회 개최 안내,"<2023학녀도 계원예술중학교 입학설명회 개최 안내>

1. 일시: 2022년 7월 11일 월요일 오후 3시
2. 장소: 벽강예술관 (계원예술중학교 내)
3. 대상: 입시에 관심있는 학생, 학부모
4. 내용: 학교현황및 교육목표, 교육특색, 
        입시전형계획, 전공부설명, 학교시설 둘러보기

* 주차공간이 협소하여 주차가 어려울수 있으니 가급적 대중교통 이용하기"
김창희,2022-06-15,2022 온라인 코딩파티 시즌1 행사 안내,"   코딩 등을 쉽고 재미있게 학습할 수 있도록 다양한 온라인 소프트웨어·인공지능교육 체험 기회를 제공하기 위하여 '2022 온라인 코딩파티 시즌1' 행사를 아래와 같이 안내하오니 관심있는 학생들은 많이 참가하길 바랍니다.

1. 행 사 명 : 2022 온라인 코딩파티 시즌1
2. 행사기간 : 2022. 6. 13.(월) ~ 7. 24.(일), 6주간
3. 참가대상 : 소프트웨어·인공지능교육에 관심 있는 사람은 누구나(참가비 무료)
※ 인공지능(AI)-사물인터넷(IoT) 시범학교, 인공지능(AI)교육 선도학교, 인공지능(AI)
융합교육 중심고는 교과, 동아리, 방과후프로그램 등을 활용하여 프로그램 1개
이상 필수 참여
4. 참가방법 : SW중심사회포털(www.software.kr) 내 온라인 코딩파티 접속
5. 주 최 : 과학기술정보통신부, 교육부
6. 주 관 : 한국과학창의재단"
김영숙,2022-06-13,제7회 서울국제어린이창작영화제(SKIFF) 안내,제7회 서울국제어린이창작영화제(SKIFF)가 개최됩니다. 관심있는 어린이들은 첨부파일을 참고하여 참여바랍니다.
김영숙,2022-06-13,"2022 강남구 아동친화도시 어린이 글짓기, 그림그리기 작품공모전","2022 강남구 아동친화도시 어린이 글짓기, 그림 그리기 작품공모전
이 있습니다. 관심있는 어린이들은 참여해주시기 바랍니다.

○ 신청기간 :2022. 6. 7.(화) ~ 6. 21.(화)
○ 신청방법 :온라인(네이버 폼) 및 이메일
- 온라인(네이버 폼) 신청 : 강남청소년수련관 홈페이지(http://www.gangnamyc.or.kr/) 접속 후 → 공지사항 → [모집]2022 강남구 아동친화도시 어린이 글짓기·그림그리기 작품공모전 참가 안내 → QR코드 인증(홍보포스터 QR 코드 가능) → 신청서 작성
- 이메일 신청 : 신청서 작성 후gangnam_yc@naver.com
○ 공모부문 :① 글짓기(시·수필) ② 그림그리기
○ 공모주제 : 5가지 주제 중 1가지 선택 (주제는 강남청소년수련관 홈페이지 6. 24. 공개
○ 제작사양 ※ 신청자에게 원고지·도화지 우편 발송
- 글짓기 : 원고지 5매 내외 / 그림그리기 : 흰색 바탕의 8절 도화지(27cm × 39cm)
나. 작품제출
○ 제출기간 : 2022. 6. 28.(화) ~ 7. 12.(화)18:00한
- 작품 뒷면에 소속과 이름 기재
○ 제출방법 :방문 또는 우편
○ 제 출 처 : (06073) 강남구 영동대로 131길 26, 강남청소년수련관 공모전 담당자 앞"
배수연,2022-06-13,'더불어 예술숲(체육활동)’ 지도강사 채용공고,"'더불어 예술숲(체육활동)' 지도 강사 채용 공고입니다.

* 문의 : 담당자 유선문의 (학교 02-553-6922, 내선 5921)

* 자세한 내용은 첨부 파일 확인 바랍니다."
배수연,2022-06-13,창의공감(체육) 강사 채용 공고,"창의공감(체육) 강사 채용 공고

1. 채용 분야 및 인원: 창의공감(체육) 강사 1명
  2. 근무조건
가. 담당업무: 체육활동 지도
나. 계약기간: 2022. 08. 22. ~ 2023. 2. 10
다. 근무시간: 화(4교시), 목(1~4교시), 금(5-6교시)
라. 지도학년: 5학년 7개반
마. 보수: 1차시 수업당 30,000원(학년별 17차시 내외)
※ 교육청 지침에 따라 시정표 변경 시 수업시작시간과 종료시간이 변경될 수 있습니다.
※ 코로나19로 전면 원격수업 시 ZOOM수업 변경 시에도 차시당 보수 동일함
※ 계약기간, 근무시간, 수업 방법 등은 상황에 따라 변동될 수 있습니다.

* 자세한 내용은 첨부 파일 참고 바랍니다."
박정미,2023-06-02,65회 서울과학전람회 예선대회 개최요강,"65회 서울과학전람회 예선대회 개최요강 안내합니다. 
가통은 6월 7일에 안내됩니다. 
희망자는 8월 25일 금요일 9시까지 4의 3으로 제출합니다. "
배수연,2023-05-04,방과후학교 정책연구 온라인 설문조사 실시(학부모용)," 방과후학교 정책연구 온라인 설문조사 실시(학부모용)

서울시교육청 방과후학교 정책연구 온라인 설문조사를 다음과 같이 실시하오니, 학부모님의 의견이 적극 반영될 수 있도록 설문 참여에 협조를 부탁드립니다.
가. 연 구 명: 질 높은 방과후학교 운영을 위한 교육(지원)청-자치구 지원체제 및 시스템 구축에 관한 연구
나. 설문목적: 질 높은 방과후학교 운영 방안 마련을 위한 현장의견 수렴
다. 설문기간: 2023. 5. 3.(수) ~ 5. 9.(화)
라. 설문대상: 서울 소재 초등학교 교원(교장, 교감 포함), 방과후학교 강사 및 보호자(학부모)
마. 설문방법: 하단의 설문 링크 또는 QR코드 접속 후 개별 응답
사. 설문링크:
- 보호자(학부모용) : https://moaform.com/q/9HTjTF
- 참여 QR코드:"
김수현,2023-04-14,2023 학생 기후행동 365 학생 운영위원 지원 1차 서식,"1차 서류 서식 파일 다운로드 및 내용 기재 후,
[서식 1]: 한글 원본 파일+ 서명 후 스캔한 PDF파일
[서식 2, 3]: 한글 원본 파일만 필요

총 2개(한글 원본 파일 1묶음 + 서식 1 pdf 스캔파일) 의 서류를 usb에 담아
3학년 2반 교실로 제출해주십시오."
소아영,2022-11-29,2023학년도 학교교육계획 수립을 위한 학생 설문 안내,"2023학년도 학교교육계획 수립을 위한 학생 설문 안내입니다. 

3학년
https://forms.gle/gAAAR1TN7p9v8eXn8

4,5학년
https://forms.gle/xmn9ZQKeZ35o2jou6"
관리자,2022-03-08,제14기 서울대현초등학교운영위원회 구성 알림,"2022.3.1.자로 제13기 학교운영위원회 위원임기 만료에 따라
2022년 3월 중으로 제14기 학교운영위원회 구성을 추진하고 있습니다.
관심있는 학부모, 지역인사께서는 많은 참여 바랍니다."
민영미,2020-12-07,강도 높은 서울형 방역조치 시행에 따른 학교시설개방 중단 안내,"강도 높은 서울형 방역조치 시행에 따른 학교시설개방 중단 안내
? 학교 실내·외 시설 개방 중지
    ○ 개방 중지대상: 일시사용허가 중단
     단, 운동장 산책은 2단계 조치 유지하면서 가능
? 개방 중지기간: 2020.12.5.(토) 21시~ 별도 안내 시까지
붙임: 학교시설개방 안내문"
배수연,2022-06-09,<유튜브로 보는 제163회 강서지식비타민강좌>,"<유튜브로 보는 제163회 강서지식비타민강좌>
안녕하십니까?
강서구에서는 시대적 이슈를 반영한 명사들의 지식과 생각을 공유하는
『강서 지식비타민강좌』를 코로나 19로 인해
매월 1회 온라인으로 개최하고 있습니다.
학부모님들의 많은 관심과 시청 부탁드립니다.
◎ 주제: [일상 회복 특집] 인생의 질을 높이는 소통의 기술
◎ 강사: 남인숙(『여자의 모든 인생은 20대에 결정된다』저자)
◎ 영상 게시기간: 6. 18.(토) 자정까지 (이후 삭제)
◎ 영상 링크(강서구청 유튜브 채널)
https://youtu.be/LwIGxZSvYME
※ 익스플로러는 지원이 종료되어 열리지 않습니다.
크롬, 엣지로 열어주세요!
◎ 문 의: 02-2600-6326 (서울 강서구청 교육지원과)"
배수연,2022-06-08,2022년 서울가족학교 아동기부모교실「너와 함께 걸어가는 길」 안내,"「너와 함께 걸어가는 길」안내


○ 프로그램 : 2022 서울가족학교 아동기부모교실 <너와 함께 걸어가는 길>
○ 신청기간 : 2022. 6. 3.(금) ~ 6. 10.(금)*기간 경과 후 신청시 강남구 가족센터에 문의
○ 교육대상 : 강남구 소재 초등학생 자녀를 둔 양육자
○ 교육방법 : ZOOM활용 비대면 교육(비디오 참여 필수)
○ 교육일정 및 주제
- 1차시) 6/13(월) 10:00~12:00 / 부모와 자녀가 서로 존중하는 대화비법
- 2차시) 6/20(월) 10:00~12:00 / 행복하게 자란 내 아이가 만드는 미래
- 3차시) 6/27(월) 10:00~12:00 / 가정 성교육, 디지털성범죄 예방
*2회기 이상 참여시 수료증과 센터 홍보물품 증정
○ 신청방법 : 온라인 신청서 제출※ 포스터(홍보지)내 QR코드 활용 및 신청링크 별도 문의
○ 문 의 : 강남구 가족센터 가족교육팀 이하영 ☏ 070-7458-2242
강남구청 여성가족과 김광덕 ☏ 02-3423-5838

붙임 프로그램 포스터 1부"
배수연,2022-06-03,"창의공감(체육) 강사 (3,4학년) 채용 공고","2022학년도 서울대현초등학교 창의공감(체육) 강사 채용계획

1. 채용 분야 및 인원: 창의공감(체육) 강사 1명
2. 근무조건
가. 담당업무: 체육활동 지도
나. 계약기간: 2022. 07. 4. ~ 2023. 2. 10
다. 근무시간: 화(1~4교시), 금(1~4교시)
라. 지도학년: 3,4학년
마. 보수: 1차시 수업당 30,000원(총 150차시 내외)
※ 교육청 지침에 따라 시정표 변경 시 수업시작시간과 종료시간이 변경될 수 있습니다.
※ 코로나19로 전면 원격수업 시 ZOOM수업 변경 시에도 차시당 보수 동일함
※ 계약기간, 근무시간, 수업 방법 등은 상황에 따라 변동될 수 있습니다.
3. 응시자격
가. 해당분야 활동 경력자 또는 해당 분야 전공자
나. 블렌디드(온?오프라인) 수업 가능한 자

* 자세한 내용은 첨부파일 확인 바랍니다."
배수연,2022-05-30,창의공감(체육) 강사 (6학년) 채용 재공고,"창의공감(체육)강사 채용 재공고

1. 채용 분야 및 인원: 창의공감(체육) 강사 1명
2. 근무조건
가. 담당업무: 체육활동 지도
나. 계약기간: 2022. 08. 23. ~ 12. 15.
다. 근무시간: 화(1~3교시), 목(1~4교시)
라. 지도학년: 6학년
마. 보수: 1차시 수업당 30,000원(총 17차시)
※ 교육청 지침에 따라 시정표 변경 시 수업시작시간과 종료시간이 변경될 수 있습니다.
※ 코로나19로 전면 원격수업 시 ZOOM수업 변경 시에도 차시당 보수 동일함
※ 계약기간, 근무시간, 수업 방법 등은 상황에 따라 변동될 수 있습니다."
배수연,2022-05-23,창의공감(체육) 강사 채용 공고,"창의공감(체육)강사 채용 공고

1. 채용 분야 및 인원: 창의공감(체육) 강사 1명
2. 근무조건
가. 담당업무: 체육활동 지도
나. 계약기간: 2022. 08. 23. ~ 12. 15.
다. 근무시간: 화(1~3교시), 목(1~4교시)
라. 지도학년: 6학년
마. 보수: 1차시 수업당 30,000원(총 17차시)
※ 교육청 지침에 따라 시정표 변경 시 수업시작시간과 종료시간이 변경될 수 있습니다.
※ 코로나19로 전면 원격수업 시 ZOOM수업 변경 시에도 차시당 보수 동일함
※ 계약기간, 근무시간, 수업 방법 등은 상황에 따라 변동될 수 있습니다.

* 자세한 사항은 붙임 파일 참고 바랍니다."
박은정,2022-05-20,2023학년도 예원학교 입학전형 기본계획,2023학년도 예원학교 입학전형 기본계획 첨부파일 확인.
박은정,2022-05-20,2023학년도 선화예술중학교 입학전형 기본 계획,2023학년도 선화예술중학교 입학전형 기본계획 첨부파일 확인 바람.
박은정,2022-05-20,2023년 한국 삼육중학교 입학전형 기본 계획,"2023년 한국 삼육중학교 입학전형 계획을 붙임과 같이 첨부함.
학생을 선발하는 중학교는 한 학교만 지원 가능함."
박소영,2022-05-20,2022년 제7회 학교 흡연예방 및 금연 창작 작품 공모전,
배수연,2022-05-18,「2022‘고운맘’어머니 수어동아리」프로그램 운영,"「2022‘고운맘’어머니 수어동아리」프로그램을 다음과 같이 운영합니다.
    가. 기간: 2022. 5. 27. ~ 10. 28.(매주 금요일 10:00~11:30 총15회기)
  나. 대상: 유·초·중·고 학생의 어머니 20명
           (동작관악, 강남서초, 강동송파, 강서양천, 남부교육지원청 소속)
  다. 운영방법: ZOOM 활용 비대면 수업과 대면 수업 병행
  라. 대면수업장소: 남부특수교육지원센터 연수실(서울영일초 신관 4층)
  마. 신청방법: 희망하는 학부모가 특수교육지원센터에 전화로 신청(863-2416)
  바. 신청기간: 2022. 5. 20.(금) 까지
  사. 문의: 남부특수교육지원센터 담당자 남민우(☏863-2416)"
박정미,2023-06-02,65회 서울과학전람회 예선대회 개최요강,"65회 서울과학전람회 예선대회 개최요강 안내합니다. 
가통은 6월 7일에 안내됩니다. 
희망자는 8월 25일 금요일 9시까지 4의 3으로 제출합니다. "
배수연,2023-05-04,방과후학교 정책연구 온라인 설문조사 실시(학부모용)," 방과후학교 정책연구 온라인 설문조사 실시(학부모용)

서울시교육청 방과후학교 정책연구 온라인 설문조사를 다음과 같이 실시하오니, 학부모님의 의견이 적극 반영될 수 있도록 설문 참여에 협조를 부탁드립니다.
가. 연 구 명: 질 높은 방과후학교 운영을 위한 교육(지원)청-자치구 지원체제 및 시스템 구축에 관한 연구
나. 설문목적: 질 높은 방과후학교 운영 방안 마련을 위한 현장의견 수렴
다. 설문기간: 2023. 5. 3.(수) ~ 5. 9.(화)
라. 설문대상: 서울 소재 초등학교 교원(교장, 교감 포함), 방과후학교 강사 및 보호자(학부모)
마. 설문방법: 하단의 설문 링크 또는 QR코드 접속 후 개별 응답
사. 설문링크:
- 보호자(학부모용) : https://moaform.com/q/9HTjTF
- 참여 QR코드:"
김수현,2023-04-14,2023 학생 기후행동 365 학생 운영위원 지원 1차 서식,"1차 서류 서식 파일 다운로드 및 내용 기재 후,
[서식 1]: 한글 원본 파일+ 서명 후 스캔한 PDF파일
[서식 2, 3]: 한글 원본 파일만 필요

총 2개(한글 원본 파일 1묶음 + 서식 1 pdf 스캔파일) 의 서류를 usb에 담아
3학년 2반 교실로 제출해주십시오."
소아영,2022-11-29,2023학년도 학교교육계획 수립을 위한 학생 설문 안내,"2023학년도 학교교육계획 수립을 위한 학생 설문 안내입니다. 

3학년
https://forms.gle/gAAAR1TN7p9v8eXn8

4,5학년
https://forms.gle/xmn9ZQKeZ35o2jou6"
관리자,2022-03-08,제14기 서울대현초등학교운영위원회 구성 알림,"2022.3.1.자로 제13기 학교운영위원회 위원임기 만료에 따라
2022년 3월 중으로 제14기 학교운영위원회 구성을 추진하고 있습니다.
관심있는 학부모, 지역인사께서는 많은 참여 바랍니다."
민영미,2020-12-07,강도 높은 서울형 방역조치 시행에 따른 학교시설개방 중단 안내,"강도 높은 서울형 방역조치 시행에 따른 학교시설개방 중단 안내
? 학교 실내·외 시설 개방 중지
    ○ 개방 중지대상: 일시사용허가 중단
     단, 운동장 산책은 2단계 조치 유지하면서 가능
? 개방 중지기간: 2020.12.5.(토) 21시~ 별도 안내 시까지
붙임: 학교시설개방 안내문"
김영숙,2022-05-10,"(5,6학년대상) 제17회 남산백일장 참가 안내","5, 6학년 학생들에게 안내합니다. [개관 100주년]제17회 남산백일장」을
다음과 같이 개최한다고 합니다. 관심 있는 학생은 교과실에 김영숙 선생님께 5월 13일 금요일 오전 10시까지 신청해주십시요. 신청 인원이 많을 경우 희망자 선착순으로 정하겠습니다.
1) 대 회 명: [개관 100주년]제17회 남산백일장(산문, 시)
2) 대회일시: 2022. 6. 6.(월) 13:00~17:00
3) 대회방법: 온라인 홈페이지 운영(www.namsanwriting.com)
4) 참가대상: 서울 소재 학교장이 추천한 초(5~6학년)·중·고등학생 및 동일 연령의 어린이·청소년"
관리자,2022-05-08,2021학년도 졸업앨범비 집행 정산 결과,2021학년도 졸업앨범비 집행 정산 결과를 붙임과 같이 알려드립니다.
관리자,2022-05-08,2020학년도 졸업앨범비 집행 정산 결과, 2020학년도 졸업앨범비 집행 정산 결과를 붙임과 같이 알려드립니다.
관리자,2022-05-08,2019학년도 졸업앨범비 집행 정산 결과,2019학년도 졸업앨범비 집행 정산 결과를 붙임과 같이 알려드립니다.
배수연,2022-05-02,서울이수초등학교 무료야구교실 안내,"서울이수초등학교 무료야구교실 안내
  안녕하십니까?
댁내 늘 행복이 넘쳐나길 기원합니다. 서울이수초등학교에서는 서울특별시교육청 관내 초등학교 2 ~4학년 남학생을 대상으로 무료야구교실을 계획하고 있습니다.
  코로나19로 인해 그간 체육활동을 못해 힘들어 했던 어린이들이 참 많았습니다. 이수초는 야구를 좋아하고 흥미를 보이며, 운동에 남다른 소질을 보이는 학생들을 대상으로, 학생들에게 잠재되어 있는 운동 능력을 조기에 발굴하여 개발할 수 있도록 노력하고 있습니다. 본교는?인성이 바로 된 공부하는 운동선수 육성?이라는 목표를 두고 야구부를 운영하고 있으니, 관심이 있는 어린이라면 누구나 편하게 무료야구교실에 참여하여 보다 적극적으로 진로를 모색할 수 있기를 바랍니다. 관심있는 학생들의 지원을 진심으로 환영합니다.
1. 무료야구교실 운영 일정
가. 대상: 2~4학년 남학생
나. 운영 기간: 5. 10.(화) ~ 6. 4.(토) (4주간, 주2회)
다. 수업시간: 화요일 16:00~18:00 , 토요일 09:30~11:30
  2. 무료야구교실 모집기간 및 신청방법
가. 모집 기간: 2022. 4. 29.(금) ~ 5. 9.(월)
나. 신청 방법: 이수초 야구부 수석코치 최장원(☎010?4103?2275)에게 전화로 신청
  2022. 4. 29.
    서울이수초등학교장"
배수연,2022-04-28,사이쉼 부모코칭과정 부모생활백서 참가자 모집,"사이쉼 부모코칭과정 부모생활백서 참가자 모집


강남구 청소년심리지원센터 사이쉼에서 아동·청소년의 부모님(양육자)을 대상으로‘부모코칭과정 <부모생활백서>’을 운영합니다. 프로그램 참가자를 아래와 같이 모집하오니, 많은 관심과 홍보 부탁드립니다.
가. 주제 및 일시:
Guide 01 <적극적 부모역할> 집단프로그램
-2022년 5월12일-6월30일, 매주 목요일, 10시-12시(2시간), 총 8회기
-신청기간: 2022년 4월 27일(수) 10시 ~ 마감 시까지

Guide 02 <문제해결중심 단기 부모상담>
-2022년 5월-10월 중, 1:1 개인상담, 주 1회(60분), 총 5회기
-신청기간: 2022년 4월 27일(수) 10시 ~ 마감 시까지

Guide 03 <전문가와 함께 하는 1:1 양육코칭>
-2022년 7월 중, 1:1 단회기 개인코칭(90분)
-추후 사이쉼 홈페이지, 카카오톡 채널을 통해 모집 및 홍보 예정

나. 대상: 강남구 거주 아동·청소년의 부모(양육자)
다. 신청방법: 청소년심리지원센터 사이쉼 홈페이지(온라인) 선착순 신청
라. 비용: 무료
마. 문의: 강남구 청소년심리지원센터 사이쉼 ☎ 02-3423-8746
붙임. 부모생활백서 홍보포스터. 끝."
최유미,2022-04-26,2022학년도 학생봉사활동,"2022학년도 학생봉사활동 운영 안내입니다. 
자세한 내용은 첨부파일을 참고하시기 바랍니다."
김창희,2022-04-22,2022 서울대현초 개인정보보호 내부관리 계획,첨부 파일을 참고하시기 바랍니다.
배수연,2022-04-18,2022학년도 서울대현초 건강관리 지도강사 채용,"2022학년도 서울대현초 건강관리 지도강사 채용 공고문 입니다.

* 자세한 내용은 첨부파일 확인 바랍니다."
배수연,2022-04-15,2022학년도 1학기 대현초 특수학급 방역인력 채용 공고,"2022학년도 1학기 대현초 특수학급 방역인력 채용 공고

1. 채용인원 : 1명
2. 채용기간 : 2022.5.1.~2022.7.21.(학교상황에 따라 채용기간이 변경될 수 있음)
*주말, 공휴일, 자율휴업일 비근무
3. 접수 일정
<지원서류 접수>
1) 기간: 2022. 4. 15.(금)~4. 21(목) 15:00
2) 접수 방법: 방문 및 이메일 접수
3) 접수 장소: 서울대현초등학교 2층 도움1반, 담당자 메일: lsj419@sen.go.kr
(서울 강남구 역삼로 98길 16)

* 자세한 내용은 첨부파일 참고하시기 바랍니다."
박정미,2023-06-02,65회 서울과학전람회 예선대회 개최요강,"65회 서울과학전람회 예선대회 개최요강 안내합니다. 
가통은 6월 7일에 안내됩니다. 
희망자는 8월 25일 금요일 9시까지 4의 3으로 제출합니다. "
배수연,2023-05-04,방과후학교 정책연구 온라인 설문조사 실시(학부모용)," 방과후학교 정책연구 온라인 설문조사 실시(학부모용)

서울시교육청 방과후학교 정책연구 온라인 설문조사를 다음과 같이 실시하오니, 학부모님의 의견이 적극 반영될 수 있도록 설문 참여에 협조를 부탁드립니다.
가. 연 구 명: 질 높은 방과후학교 운영을 위한 교육(지원)청-자치구 지원체제 및 시스템 구축에 관한 연구
나. 설문목적: 질 높은 방과후학교 운영 방안 마련을 위한 현장의견 수렴
다. 설문기간: 2023. 5. 3.(수) ~ 5. 9.(화)
라. 설문대상: 서울 소재 초등학교 교원(교장, 교감 포함), 방과후학교 강사 및 보호자(학부모)
마. 설문방법: 하단의 설문 링크 또는 QR코드 접속 후 개별 응답
사. 설문링크:
- 보호자(학부모용) : https://moaform.com/q/9HTjTF
- 참여 QR코드:"
김수현,2023-04-14,2023 학생 기후행동 365 학생 운영위원 지원 1차 서식,"1차 서류 서식 파일 다운로드 및 내용 기재 후,
[서식 1]: 한글 원본 파일+ 서명 후 스캔한 PDF파일
[서식 2, 3]: 한글 원본 파일만 필요

총 2개(한글 원본 파일 1묶음 + 서식 1 pdf 스캔파일) 의 서류를 usb에 담아
3학년 2반 교실로 제출해주십시오."
소아영,2022-11-29,2023학년도 학교교육계획 수립을 위한 학생 설문 안내,"2023학년도 학교교육계획 수립을 위한 학생 설문 안내입니다. 

3학년
https://forms.gle/gAAAR1TN7p9v8eXn8

4,5학년
https://forms.gle/xmn9ZQKeZ35o2jou6"
관리자,2022-03-08,제14기 서울대현초등학교운영위원회 구성 알림,"2022.3.1.자로 제13기 학교운영위원회 위원임기 만료에 따라
2022년 3월 중으로 제14기 학교운영위원회 구성을 추진하고 있습니다.
관심있는 학부모, 지역인사께서는 많은 참여 바랍니다."
민영미,2020-12-07,강도 높은 서울형 방역조치 시행에 따른 학교시설개방 중단 안내,"강도 높은 서울형 방역조치 시행에 따른 학교시설개방 중단 안내
? 학교 실내·외 시설 개방 중지
    ○ 개방 중지대상: 일시사용허가 중단
     단, 운동장 산책은 2단계 조치 유지하면서 가능
? 개방 중지기간: 2020.12.5.(토) 21시~ 별도 안내 시까지
붙임: 학교시설개방 안내문"
김보영,2022-04-13,2022 1학년 안성맞춤 교육과정 놀이감각통합 전래놀이(체육) 지도강사 채용 공고문,"2022 1학년 안성맞춤 교육과정 놀이감각통합 전래놀이(체육) 지도강사 채용 공고문입니다.(파일로 첨부합니다.)

서울대현초등학교에서 월요일(필요시 수요일도 보강함)에 지도하실 전래놀이 지도강사님을 모십니다.

1. 채용인원: 1명
2. 채용시간: 주 1~2회(총 96시간)
3.보수: 시간당 30,000원
4. 자세한 내용은 첨부파일의 모집 공고문을 살펴보시기 바랍니다."
양은진,2022-04-08,2022학년 1학기 구입예정 도서목록,본 목록은 구입예정인 도서로 최종적으로 입수되는 도서목록과는 차이가 있을 수 있습니다.
관리자,2022-04-08,"[학부모 청렴 교육] 불법찬조금 없는 유치원,신뢰 받는 유치원",
배수연,2022-04-07,청소년 유해정보 필터링 소프트웨어 이용방법,청소년 유해정보 필터링 소프트웨어 이용방법 참고하시기 바랍니다.
박소영,2022-04-04,소아(만5~11세) 코로나19 예방접종 계획 및 FAQ,
소아영,2022-03-25,2022 대현 학업성적관리규정,2022 대현 학업성적관리규정입니다. 
배수연,2022-03-24,2022년 교내 학생 과학 발명품 경진대회 작품 요약서,2022년 교내 학생 과학 발명품 경진대회 작품 요약서 첨부합니다.
배수연,2022-03-22,학부모회 임원 당선자 공고,학부모회 임원 당선자를 붙임과 같이 공고합니다.
김진희,2022-03-16,2022 교육공무원 성과상여금 기준표,2022 교육공무원 성과상여금 기준표를 탑재해드립니다.
배수연,2022-03-14,2022년 청소년 특별지원 계획,"[2022년 청소년 특별지원 계획]

청소년 특별지원 사업에 대해 안내하오니, 
관심있으신 학부모님들께서는 참고하여 주시기 바랍니다."
박정미,2023-06-02,65회 서울과학전람회 예선대회 개최요강,"65회 서울과학전람회 예선대회 개최요강 안내합니다. 
가통은 6월 7일에 안내됩니다. 
희망자는 8월 25일 금요일 9시까지 4의 3으로 제출합니다. "
배수연,2023-05-04,방과후학교 정책연구 온라인 설문조사 실시(학부모용)," 방과후학교 정책연구 온라인 설문조사 실시(학부모용)

서울시교육청 방과후학교 정책연구 온라인 설문조사를 다음과 같이 실시하오니, 학부모님의 의견이 적극 반영될 수 있도록 설문 참여에 협조를 부탁드립니다.
가. 연 구 명: 질 높은 방과후학교 운영을 위한 교육(지원)청-자치구 지원체제 및 시스템 구축에 관한 연구
나. 설문목적: 질 높은 방과후학교 운영 방안 마련을 위한 현장의견 수렴
다. 설문기간: 2023. 5. 3.(수) ~ 5. 9.(화)
라. 설문대상: 서울 소재 초등학교 교원(교장, 교감 포함), 방과후학교 강사 및 보호자(학부모)
마. 설문방법: 하단의 설문 링크 또는 QR코드 접속 후 개별 응답
사. 설문링크:
- 보호자(학부모용) : https://moaform.com/q/9HTjTF
- 참여 QR코드:"
김수현,2023-04-14,2023 학생 기후행동 365 학생 운영위원 지원 1차 서식,"1차 서류 서식 파일 다운로드 및 내용 기재 후,
[서식 1]: 한글 원본 파일+ 서명 후 스캔한 PDF파일
[서식 2, 3]: 한글 원본 파일만 필요

총 2개(한글 원본 파일 1묶음 + 서식 1 pdf 스캔파일) 의 서류를 usb에 담아
3학년 2반 교실로 제출해주십시오."
소아영,2022-11-29,2023학년도 학교교육계획 수립을 위한 학생 설문 안내,"2023학년도 학교교육계획 수립을 위한 학생 설문 안내입니다. 

3학년
https://forms.gle/gAAAR1TN7p9v8eXn8

4,5학년
https://forms.gle/xmn9ZQKeZ35o2jou6"
관리자,2022-03-08,제14기 서울대현초등학교운영위원회 구성 알림,"2022.3.1.자로 제13기 학교운영위원회 위원임기 만료에 따라
2022년 3월 중으로 제14기 학교운영위원회 구성을 추진하고 있습니다.
관심있는 학부모, 지역인사께서는 많은 참여 바랍니다."
민영미,2020-12-07,강도 높은 서울형 방역조치 시행에 따른 학교시설개방 중단 안내,"강도 높은 서울형 방역조치 시행에 따른 학교시설개방 중단 안내
? 학교 실내·외 시설 개방 중지
    ○ 개방 중지대상: 일시사용허가 중단
     단, 운동장 산책은 2단계 조치 유지하면서 가능
? 개방 중지기간: 2020.12.5.(토) 21시~ 별도 안내 시까지
붙임: 학교시설개방 안내문"
김영숙,2022-03-08,(재공고)2022 강남구 문예체활동(뉴스포츠) 프로그램 강사 채용 공고문,"서울대현초등학교에서 화, 목요일에 지도하실 뉴스포츠 지도강사님을 모십니다.

1. 채용인원 : 1-2명
2. 채용시간 : 주 14시간이내
3. 보수 : 시간당 30,000원
4. 자세한 내용은 첨부파일의 모집 공고문을 살펴보시기 바랍니다."
관리자,2022-03-08,제14기 서울대현초등학교운영위원회 구성 알림,"2022.3.1.자로 제13기 학교운영위원회 위원임기 만료에 따라
2022년 3월 중으로 제14기 학교운영위원회 구성을 추진하고 있습니다.
관심있는 학부모, 지역인사께서는 많은 참여 바랍니다."
관리자,2022-03-08,사회적 거리두기 조정 방안 시행에 따른 학교 시설 개방 기준 안내,2022. 3. 4.자 중앙재난안전대책본부의 사회적 거리두기 조정방안에 따른 힉교시설 개방 기준을 붙임과 같이 안내하오니 이용에 참고 바랍니다.
배수연,2022-03-07,2022 더불어 예술숲(체육활동) 지도강사 채용 공고,"2022 서울대현초등학교  체육 지도강사  채용 계획을  다음과  같이 공고 합니다.
자세한  내용은   첨부파일  확인  바랍니다."
박라엘,2022-03-07,"2022 특수학급 방과후학교 강사 모집 공고(요리, 체육)","특수학급 방과후학교 강사를 모집합니다.

1. 과목 및 요일 : 요리-수요일/ 체육-목요일
-베이킹, 신체활동, 방송댄스 등, 관련 분야면 지원 가능합니다.

2. 서류 모집 기간 : ~3월 14일(월) 13시

3. 계약 기간 : 2022년 4월 ~ 12월

자세한 내용은 첨부파일을 참고해주세요."
배수연,2022-03-03,2022 연극강사 채용 공고,"2022학년도 서울대현초등학교 협력종합예술활동(연극) 강사 채용계획을 다음과 같이 공고합니다.
첨부파일 참고 바랍니다."
박소영,2022-03-02,2022학년도 학교보건지원강사 채용 재공고,"1. 공고기간: 2022.3.2.(수)~2022.3.6.(일)
2. 근무기간: 2022.3.~ (4개월, 방학기간 제외)
3. 근무시간: 주당 15시간 미만(월 60시간 미만)
4. 보수: 시급 25,000원
5. 채용인원: 1명
6. 세부사항은 첨부파일 참고 바랍니다."
소아영,2022-03-02,학년별?요일별 시간배당,"요일
학년
월
화
수
목
금
계
1
4
5
4
5
5
23
2
4
5
4
5
5
23
3
5
5
4
6
6
26
4
5
5
4
6
6
26
5
6
6
5
6
6
29
6
6
6
5
6
6
29
* 주5일수업제로 인한 교과목별 기준수업시수 이수를 위해 학급별 변동시간표 운영 필수
* 학년에 따라 탄력적 시간표(증, 감축기) 운영될 수 있음"
김현미,2022-02-28,"(재공고)2022학년도 초1,2학년 기초학력 협력강사 채용 공고","서울대현초등학교에서 2022학년도 초등 1,2학년 기초학력 협력강사를 채용하고자 합니다.

보다 자세한 내용은 첨부된 파일을 참고하시기 바랍니다.


1) 모집 내용 : 초1,2학년 기초학력 협력강사
2) 모집 인원 : 1명
3) 채용 기간 : 2022년 3월~2022년 12월(방학기간 제외)
4) 접수 기간 : 2022. 2. 28.(월) ~ 2022. 3. 4.(금) 14:00 도착분까지 접수
5) 접수 방법 : 담당자 전자메일로 접수"
박소영,2022-02-25,2022학년도 학교보건지원강사 채용 공고,"1. 공고기간: 2022.2.25.(금)~2022.2.28.(월)
2. 근무기간: 2022.3.~ (방학기간 제외 4개월)
3. 근무시간: 주당 15시간 미만(월 60시간 미만)
4. 보수: 시급 25,000원
5. 채용인원: 1명
6. 세부사항은 첨부파일 참고 바랍니다."
박정미,2023-06-02,65회 서울과학전람회 예선대회 개최요강,"65회 서울과학전람회 예선대회 개최요강 안내합니다. 
가통은 6월 7일에 안내됩니다. 
희망자는 8월 25일 금요일 9시까지 4의 3으로 제출합니다. "
배수연,2023-05-04,방과후학교 정책연구 온라인 설문조사 실시(학부모용)," 방과후학교 정책연구 온라인 설문조사 실시(학부모용)

서울시교육청 방과후학교 정책연구 온라인 설문조사를 다음과 같이 실시하오니, 학부모님의 의견이 적극 반영될 수 있도록 설문 참여에 협조를 부탁드립니다.
가. 연 구 명: 질 높은 방과후학교 운영을 위한 교육(지원)청-자치구 지원체제 및 시스템 구축에 관한 연구
나. 설문목적: 질 높은 방과후학교 운영 방안 마련을 위한 현장의견 수렴
다. 설문기간: 2023. 5. 3.(수) ~ 5. 9.(화)
라. 설문대상: 서울 소재 초등학교 교원(교장, 교감 포함), 방과후학교 강사 및 보호자(학부모)
마. 설문방법: 하단의 설문 링크 또는 QR코드 접속 후 개별 응답
사. 설문링크:
- 보호자(학부모용) : https://moaform.com/q/9HTjTF
- 참여 QR코드:"
김수현,2023-04-14,2023 학생 기후행동 365 학생 운영위원 지원 1차 서식,"1차 서류 서식 파일 다운로드 및 내용 기재 후,
[서식 1]: 한글 원본 파일+ 서명 후 스캔한 PDF파일
[서식 2, 3]: 한글 원본 파일만 필요

총 2개(한글 원본 파일 1묶음 + 서식 1 pdf 스캔파일) 의 서류를 usb에 담아
3학년 2반 교실로 제출해주십시오."
소아영,2022-11-29,2023학년도 학교교육계획 수립을 위한 학생 설문 안내,"2023학년도 학교교육계획 수립을 위한 학생 설문 안내입니다. 

3학년
https://forms.gle/gAAAR1TN7p9v8eXn8

4,5학년
https://forms.gle/xmn9ZQKeZ35o2jou6"
관리자,2022-03-08,제14기 서울대현초등학교운영위원회 구성 알림,"2022.3.1.자로 제13기 학교운영위원회 위원임기 만료에 따라
2022년 3월 중으로 제14기 학교운영위원회 구성을 추진하고 있습니다.
관심있는 학부모, 지역인사께서는 많은 참여 바랍니다."
민영미,2020-12-07,강도 높은 서울형 방역조치 시행에 따른 학교시설개방 중단 안내,"강도 높은 서울형 방역조치 시행에 따른 학교시설개방 중단 안내
? 학교 실내·외 시설 개방 중지
    ○ 개방 중지대상: 일시사용허가 중단
     단, 운동장 산책은 2단계 조치 유지하면서 가능
? 개방 중지기간: 2020.12.5.(토) 21시~ 별도 안내 시까지
붙임: 학교시설개방 안내문"
김영숙,2022-02-23,2022학년도 뉴스포츠 프로그램 강사 채용 공고,"서울대현초등학교에서 뉴스포츠 지도강사님을 모십니다.

1. 채용인원 : 3-4명
2. 채용시간 : 주 14시간이내
3. 보수 : 시간당 30,000원
4. 자세한 내용은 첨부파일의 모집공고를 살펴보시기 바랍니다."
김진희,2022-02-22,(재공고)2022한시적 정원외 기간제 채용,"2022학년도 초등 한시적 정원외 기간제 교원을 다음과 같이 채용하고자 재공고합니다.
가. 채용기간: 2022. 3. 1. ~ 2023. 2. 28.(1년)
나. 채용인원: 1명
다. 모집기간: 2022. 2. 22.(화) ~ 2. 24.(목). 16:00
라. 접수방법: 이메일 접수(selin97@sen.go.kr)
마. 1차 서류전형 발표: 2022. 2. 24.(목) 16:00이후 * 합격자 개별 연락
바. 2차 면접전형일: 2022. 2. 25.(금) 11:00, 회의실
사. 최종 합격자 개별 통보: 2022. 2. 25.(금) 13:00 이후
  첨부  (대현초)2022학년도 한시적 기간제교원 채용 재공고 1부"
김경미,2022-02-21,2022학년도 학교평생교육 프로그램 문해교실 강사 채용 공고,"2022학년도 학교평생교육 프로그램 문해교실 강사 채용 공고 관련입니다.
자세한 내용은 첨부파일을 확인하시기 바랍니다."
배수연,2022-02-18,한시적 정원외 기간제교원 채용 공고,"한시적 정원외 기간제교원 채용 공고 입니다.
첨부파일 확인 바랍니다."
배수연,2022-02-18,코로나19 대응 방역활동 지원 인력 공고,"코로나19 대응 방역활동 지원 인력 공고 입니다.
첨부 파일 확인 바랍니다."
김영숙,2022-02-16,2022 국악관현악단 거점학교 신입 단원 모집 안내,"2022 국악관현악단 거점학교 신입 단원 모집 안내 


가. 대상: 강남서초교육지원청 관내 초등학교 3~6학년 학생 중 국악에 관심과 열정이 있으며 국악 관현악단 연습과 공연에 성실하게 참여할 수 있는 학생
나. 운영 기간: 2022. 4. ~ 2022. 12.
다. 수업 시간: 매주 토요일 9:00~12:00, 방학 중 집중 연습 기간
라. 교 육 비: 무료
마. 신청 기간: 2022. 2. 16.(수) ~ 2022. 2. 23.(수)
바. 신청 방법: 아래 주소로 접속하여 신청.
https://forms.gle/PVg7uV7Lx6dhhbev5
사. 오디션 일시 및 장소: 2022. 2. 26.(토) 예정 (※ 자세한 시간 및 장소는 추후 문자로 안내 예정)

 "
김현미,2022-02-16,"2022학년도 초1,2학년 기초학력 협력강사 채용 공고","서울대현초등학교에서 2022학년도 초등 1,2학년 기초학력 협력강사를 채용하고자 합니다.

자세한 내용은 첨부된 파일을 참고하시기 바랍니다."
김수현,2022-02-16,2022학년도 기초학력 전담강사 채용 공고,"서울대현초등학교에서 2022학년도 기초학력 전담강사를 채용하고자 합니다. 

자세한 내용은 첨부파일을 확인하시기 바랍니다."
김경미,2021-12-30,2022학년도 대현초 취학대상 아동 시간대별 예비소집 일정 안내,
박소영,2021-12-21,청소년 코로나19 예방접종 FAQ(2022.1.20.),
박정미,2023-06-02,65회 서울과학전람회 예선대회 개최요강,"65회 서울과학전람회 예선대회 개최요강 안내합니다. 
가통은 6월 7일에 안내됩니다. 
희망자는 8월 25일 금요일 9시까지 4의 3으로 제출합니다. "
배수연,2023-05-04,방과후학교 정책연구 온라인 설문조사 실시(학부모용)," 방과후학교 정책연구 온라인 설문조사 실시(학부모용)

서울시교육청 방과후학교 정책연구 온라인 설문조사를 다음과 같이 실시하오니, 학부모님의 의견이 적극 반영될 수 있도록 설문 참여에 협조를 부탁드립니다.
가. 연 구 명: 질 높은 방과후학교 운영을 위한 교육(지원)청-자치구 지원체제 및 시스템 구축에 관한 연구
나. 설문목적: 질 높은 방과후학교 운영 방안 마련을 위한 현장의견 수렴
다. 설문기간: 2023. 5. 3.(수) ~ 5. 9.(화)
라. 설문대상: 서울 소재 초등학교 교원(교장, 교감 포함), 방과후학교 강사 및 보호자(학부모)
마. 설문방법: 하단의 설문 링크 또는 QR코드 접속 후 개별 응답
사. 설문링크:
- 보호자(학부모용) : https://moaform.com/q/9HTjTF
- 참여 QR코드:"
김수현,2023-04-14,2023 학생 기후행동 365 학생 운영위원 지원 1차 서식,"1차 서류 서식 파일 다운로드 및 내용 기재 후,
[서식 1]: 한글 원본 파일+ 서명 후 스캔한 PDF파일
[서식 2, 3]: 한글 원본 파일만 필요

총 2개(한글 원본 파일 1묶음 + 서식 1 pdf 스캔파일) 의 서류를 usb에 담아
3학년 2반 교실로 제출해주십시오."
소아영,2022-11-29,2023학년도 학교교육계획 수립을 위한 학생 설문 안내,"2023학년도 학교교육계획 수립을 위한 학생 설문 안내입니다. 

3학년
https://forms.gle/gAAAR1TN7p9v8eXn8

4,5학년
https://forms.gle/xmn9ZQKeZ35o2jou6"
관리자,2022-03-08,제14기 서울대현초등학교운영위원회 구성 알림,"2022.3.1.자로 제13기 학교운영위원회 위원임기 만료에 따라
2022년 3월 중으로 제14기 학교운영위원회 구성을 추진하고 있습니다.
관심있는 학부모, 지역인사께서는 많은 참여 바랍니다."
민영미,2020-12-07,강도 높은 서울형 방역조치 시행에 따른 학교시설개방 중단 안내,"강도 높은 서울형 방역조치 시행에 따른 학교시설개방 중단 안내
? 학교 실내·외 시설 개방 중지
    ○ 개방 중지대상: 일시사용허가 중단
     단, 운동장 산책은 2단계 조치 유지하면서 가능
? 개방 중지기간: 2020.12.5.(토) 21시~ 별도 안내 시까지
붙임: 학교시설개방 안내문"
관리자,2021-12-10,2021학년도 코로나19대응 방역활동 지원 인력 채용 공고,"코로나19 대응 방역활동 지원 인력[봉사직] 위촉 모집 안내
2021학년도 서울대현초등학교병설유치원 코로나19 방역활동지원 인력 채용을 위하여 붙임과 같이 공고합니다."
배수연,2021-10-22,"서울특별시립 서울청소년센터 장애청소년방과후아카데미 ""폴리""",
김경미,2021-10-21,2021학년도 2학기 전면등교대비 학교방역활동 지원 인력 채용 공고,
배수연,2021-10-21,서울런 신청 및 이용안내,
이진숙,2021-10-18,어린이보호구역 주정차 전면금지 및 안심승하차존 운영 안내,"어린이보호구역 주정차 관련 서울시 보도자료 입니다.
자세한 내용은 아래 첨부파일을 참조하시기 바랍니다."
배수연,2021-10-18,여성 및 청소년 등 안심귀가 지원을 위한 <안심이 앱> 홍보 요청,여성 및 청소년 등 안심귀가 지원을 위한 <안심이 앱> 홍보 요청 안내드립니다.
배수연,2021-10-15,2021학년도 오산중 사격선수 모집 안내문,"오산중학교 사격선수 모집 안내문
학부모님 안녕하십니까?
우리 오산중학교 사격부에서는 사격을 좋아하는 초등학생, 중학생을 대상으로 방과 후, 여름방학, 겨울방학 스포츠 사격 교실을 일정 기간 무료로 운영하고 있습니다.
사격을 일정 기간 배운 후 재능이 있는 학생은 학부모님 상담 후 오산중학교로 진학 및 전학을 하여 사격선수로 활동할 수 있음을 알려 드립니다. 관심 가지고 계시는 학생, 학부모님께서는 많은 문의 바랍니다.
끝으로, 학부모님 가정에 늘 건강함과 즐거움이 충만하시길 기원합니다.
                                                      ◈ 아 래 ◈
▶ 신청기한: 연중모집
▶ 모집대상: 초등학교 5~6학년/ 중학교 1~2학년
▶ 모집인원: 남학생 ○○명
▶ 수업내용: 사격이론, 사격 실습
▶ 선발기준: 초등학생 및 중학생은 방과 후, 여름방학, 겨울방학 스포츠 사격 교실을 통해 일정 기간 사격을 배운 후 재능이 있는 학생은 학부모님 상담 후 선발할 예정입니다.
▶ 주소: 서울시 용산구 보광로7길 17(보광동) 오산중학교 사격장
▶ 신청: 전임지도자 010-5476-2049/ 대표전화 02-799-9400"
배수연,2021-10-15,발명글짓기 만화공모전,
배수연,2021-10-15,제1회 강남문화재단 초등생 동시 및 그림그리기 대회,
박소영,2021-10-14,소아청소년 코로나19 백신 예방접종 관련 안내사항,
박정미,2023-06-02,65회 서울과학전람회 예선대회 개최요강,"65회 서울과학전람회 예선대회 개최요강 안내합니다. 
가통은 6월 7일에 안내됩니다. 
희망자는 8월 25일 금요일 9시까지 4의 3으로 제출합니다. "
배수연,2023-05-04,방과후학교 정책연구 온라인 설문조사 실시(학부모용)," 방과후학교 정책연구 온라인 설문조사 실시(학부모용)

서울시교육청 방과후학교 정책연구 온라인 설문조사를 다음과 같이 실시하오니, 학부모님의 의견이 적극 반영될 수 있도록 설문 참여에 협조를 부탁드립니다.
가. 연 구 명: 질 높은 방과후학교 운영을 위한 교육(지원)청-자치구 지원체제 및 시스템 구축에 관한 연구
나. 설문목적: 질 높은 방과후학교 운영 방안 마련을 위한 현장의견 수렴
다. 설문기간: 2023. 5. 3.(수) ~ 5. 9.(화)
라. 설문대상: 서울 소재 초등학교 교원(교장, 교감 포함), 방과후학교 강사 및 보호자(학부모)
마. 설문방법: 하단의 설문 링크 또는 QR코드 접속 후 개별 응답
사. 설문링크:
- 보호자(학부모용) : https://moaform.com/q/9HTjTF
- 참여 QR코드:"
김수현,2023-04-14,2023 학생 기후행동 365 학생 운영위원 지원 1차 서식,"1차 서류 서식 파일 다운로드 및 내용 기재 후,
[서식 1]: 한글 원본 파일+ 서명 후 스캔한 PDF파일
[서식 2, 3]: 한글 원본 파일만 필요

총 2개(한글 원본 파일 1묶음 + 서식 1 pdf 스캔파일) 의 서류를 usb에 담아
3학년 2반 교실로 제출해주십시오."
소아영,2022-11-29,2023학년도 학교교육계획 수립을 위한 학생 설문 안내,"2023학년도 학교교육계획 수립을 위한 학생 설문 안내입니다. 

3학년
https://forms.gle/gAAAR1TN7p9v8eXn8

4,5학년
https://forms.gle/xmn9ZQKeZ35o2jou6"
관리자,2022-03-08,제14기 서울대현초등학교운영위원회 구성 알림,"2022.3.1.자로 제13기 학교운영위원회 위원임기 만료에 따라
2022년 3월 중으로 제14기 학교운영위원회 구성을 추진하고 있습니다.
관심있는 학부모, 지역인사께서는 많은 참여 바랍니다."
민영미,2020-12-07,강도 높은 서울형 방역조치 시행에 따른 학교시설개방 중단 안내,"강도 높은 서울형 방역조치 시행에 따른 학교시설개방 중단 안내
? 학교 실내·외 시설 개방 중지
    ○ 개방 중지대상: 일시사용허가 중단
     단, 운동장 산책은 2단계 조치 유지하면서 가능
? 개방 중지기간: 2020.12.5.(토) 21시~ 별도 안내 시까지
붙임: 학교시설개방 안내문"
박소영,2021-10-14,소아청소년 코로나19 백신 예방접종 관련 양식,
배수연,2021-10-12,병역의무 이행 응원메시지 보내기 캠페인,"「병역의무 이행 응원메시지 보내기」
캠페인에 함께 해 주세요!
병무청에서는 병역이행 자긍심 고취를 위해 「병역의무 이행 응원메시지 보내기」캠페인을 전개하고 있습니다. 병역의무를 이행중인 많은 청년들에게 우리 학생들의 감사와 격려의 마음 메시지를 전달하고자 캠페인 참여 요청을 드립니다.
특히 학생들의 참여 방법이 간단하며, 서울지역 관내 많은 학생들의 메시지가 병역의무 이행중인 청년들에게 큰 힘이 될 수 있도록 교장선생님과 선생님의 적극참여 부탁드립니다.
  □ 응원 대상 : 병역의무 이행 중인 자(현역병, 사회복무요원 등)
□ 접수기간 : 2021. 10. 1.(금) ∼ 11. 14.(금) (45일간)
□ 참여대상 : 국민 누구나 * 학생 외에 교직원과 가족분들도 참여 가능
□ 참여방법 * 네이버 폼(http://naver.me/GmFTxXKX)
병무청 누리집(www.mma.go.kr) → 응원 메시지 보내기 배너 클릭→ 네이버 폼 간단한 메시지 입력
성명, 연락처, 발송대상, 지인 여부, 지역 등 입력 * 지역 선택 : 서울 (필수)
응원 메시지 작성
④ 응원 영상(15초 이내) 촬영 후 초상권 제공 동의서와 함께 이메일 제출
⑤ 참여자 기념품 : 참여인원을 학교에서 직접 팩스 등으로 송부 시 소정의 기념품 증정
- 회신 내용
학교명
담당자 성명
담당자 연락처
참여인원
비 고
      명
  * 공문 수신처 : 병무청 > 서울지방병무청, 팩스 02-820-4130
□ 문의 : 서울지방병무청 장형인 주무관(전화 02-820-4522, hi0722@korea.kr)
  서울지방병무청"
배수연,2021-10-08,2021. 강남풍경 개포동 그곳 프로젝트 홍보,"2021. 강남풍경 개포동 그곳 프로젝트 홍보 

가. 사 업 명: 2021. 강남풍경 「개포동 그곳 프로젝트」
나. 기 간: 2021.10.13.(수) ~ 10.23.(토) /17.(일)휴관
다. 장 소: 개포힐링센터(전시,체험), 강남씨어터(영화상영)
라. 내 용:
○ 전시 : 재건축으로 사라지는 나무들, <개포동 그곳> 전시(사진, 영상)
○ 체험 : 개포동을 산책하며 주변 가까이에 있는 나무들을 들여다보는 시간(나무산책)
○ 영화상영 : ‘두번째 계절’ 다큐멘터리 영화상영 및 감독과의 대화
마. 일 정
구분
일정
장소
1
<개포동 그곳> 사진, 영상 전시
10.13.(수)~10.23.(토)
개포힐링센터
2
개포동 나무산책
10.19.(화), 10.21.(목)
13:30
개포힐링센터
(개포문화공원)
3
<두번째 계절> 영화상영
10.22.(금)
15:00, 19:30
강남씨어터
바. 문 의:강남구마을공동체지원센터(☏ 02-545-0013)"
배수연,2021-10-05,2021 강남 서울형혁신교육지구 우리마을 교육토론회,
배수연,2021-10-01,2022학년도 선린인터넷고 SW 영재교육원 모집요강,2022학년도 선린인터넷고 SW 영재교육원 모집요강 입니다.
노삼숙,2021-09-30,6학년 중입관련 - 2022년 중학교 입학 체육특기자 배정 원서접수(10/5-7),"체육특기자 중입을 지원하시고자 하시는 학생 및 학부모는 
다음 문서를 숙지한 후 
필요한 서류를 준비하여
담임선생님께 제출하여 주시기 바랍니다.
기한내에 제출하지 않을 시 지원할 수 없음을 알려드립니다."
배수연,2021-09-30,온택트 2021 강남페스티벌,
배수연,2021-09-30,청소년e세상 의식 실태조사& 온라인 윤리교육 참가 학교 모집,
김경미,2021-09-29,2022학년도 적용 초등 3~4학년 검정 교과용 도서 및 5~6학년 보건교과용 인정도서 선정결과 안내,"교육부의「초등 3~6학년 사회, 수학, 과학교과서 검정 전환 계획」에 따라 새 교과서 적용이 필요한 3ㆍ4학년군 검정교과용 도서와 5ㆍ6학년군 보건 교과용 인정도서를 교과용 도서 선정 절차에 따라 다음과 같이 선정하였음을 안내드립니다.
1
2022학년도 교과서 검정 전환 계획
검정교과서 전환
국정교과서 유지
검정교과서 유지
사회, 수학, 수학익힘,
과학, 실험관찰
국어, 도덕
영어, 음악, 미술
체육, 실과
2022학년도 3ㆍ4학년 적용
2023학년도 5ㆍ6학년 적용
2
교과용도서 선정 절차
1단계 : 의견수렴 후
선정심의(안) 작성
2단계 : 심의
3단계 : 확정
4단계 : 주문 및 학교홈페이지 공개
[교과협의회]
[학교운영위원회]
[학교장]
[업무담당자]
3
교과용도서 선정 과정
선 정 절 차
주요내용 및 일정 개요
교과협의회 구성
? 2021. 9. 6. (월) 수학, 과학, 사회 각 교과별 5인
1차 교과협의회 개최
? 2021. 9. 7. (화) 15:00~ 교과별대표교사 포함 2인
? 본교 상황에 맞는 검정(인정)도서 선정기준 평가표 작성
? 선정기준 항목별 점수, 평가 방법 결정
교과용도서 심사
? 2021. 9. 9. (목) 수학과, 사회과 교과용도서 심사 진행
? 2021. 9. 10.(금) 과학과 교과용도서 심사 진행
2차 교과협의회 개최
? 2021. 9. 10. (금) 14:00~
? 각 교과별 교과용 도서 3종 추천 ? 학교운영위원회 상정
학교운영위원회 심의
? 2021. 9. 15. (수)
선정할 교과용도서 최종 확정
? 2021. 9. 23.(목)
? 교과용도서 선정 부조리 예방 대책 교직원 연수 실시 : 2021. 9. 7. (화) 14:00~
? 학교운영위원회 교과용도서 선정 부조리 예방 대책 관련 자료 제공 : 2021. 9. 15. (수)
4
학교운영위원회 심의
1. 학교운영위원회 심의일자 : 2021. 9. 15.(수) 15:30~

2. 심의대상과목
구 분
학년
도서구분
추천수
교과용도서
교과협의회
추천
검정(인정)도서
3학년
검정도서
3종
사회, 수학, 수학익힘, 과학, 실험관찰
4학년
검정도서
3종
사회, 수학, 수학익힘, 과학, 실험관찰
5ㆍ6학년
인정도서
3종
보건교과서
3. 선정과정 : 심의ㆍ확정 단계
선 정 과 정
일 시
내 용
학교운영위원회 심의
2021.9.15.(수)
* 교과협의회 추천 검정?인정도서의 선정기준, 선정절차등
의 타당성 심의
* 교과협의회에서 추천된 각 과목별 1순위 교과용도서를
2022학년도 적용 교과용도서로 선정함을 심의
최 종 확 정
2021.9.23.(목)
* 학교운영위원회의 심의 결과를 받아들여 2022학년도 적용
교과용도서 선정 학교장 최종 확정
5
최종 선정 검정(인정) 도서
과 목
출판사명
과 목
출판사명
사 회
3~4학년군(3학년/4학년)
비상교육
(설규주)
과 학
3~4학년군(3학년/4학년)
천재교과서
수 학
3~4학년군(3학년/4학년)
아이스크림미디어
실 험 관 찰
3~4학년군(3학년/4학년)
천재교과서
수 학 익 힘
3~4학년군(3학년/4학년)
아이스크림미디어
보 건
5~6학년군(5학년/6학년)
교학사
학교장에 의한 검정(인정) 교과용도서 최종확 단계까지 모든 선정절차를 공정하게 준수하였습니다. 학교운영위원회에 검정(인정)도서 선정 부조리 예방대책 관련 자료 제공 및 교과용도서 선정 부조리 예방 대책 교직원 연수도 실시함으로써 교과용도서 선정의 공정성을 확보하여 진행하였음을 알려드립니다."
배수연,2021-09-24,2021학년도 결석계 양식,
박정미,2023-06-02,65회 서울과학전람회 예선대회 개최요강,"65회 서울과학전람회 예선대회 개최요강 안내합니다. 
가통은 6월 7일에 안내됩니다. 
희망자는 8월 25일 금요일 9시까지 4의 3으로 제출합니다. "
배수연,2023-05-04,방과후학교 정책연구 온라인 설문조사 실시(학부모용)," 방과후학교 정책연구 온라인 설문조사 실시(학부모용)

서울시교육청 방과후학교 정책연구 온라인 설문조사를 다음과 같이 실시하오니, 학부모님의 의견이 적극 반영될 수 있도록 설문 참여에 협조를 부탁드립니다.
가. 연 구 명: 질 높은 방과후학교 운영을 위한 교육(지원)청-자치구 지원체제 및 시스템 구축에 관한 연구
나. 설문목적: 질 높은 방과후학교 운영 방안 마련을 위한 현장의견 수렴
다. 설문기간: 2023. 5. 3.(수) ~ 5. 9.(화)
라. 설문대상: 서울 소재 초등학교 교원(교장, 교감 포함), 방과후학교 강사 및 보호자(학부모)
마. 설문방법: 하단의 설문 링크 또는 QR코드 접속 후 개별 응답
사. 설문링크:
- 보호자(학부모용) : https://moaform.com/q/9HTjTF
- 참여 QR코드:"
김수현,2023-04-14,2023 학생 기후행동 365 학생 운영위원 지원 1차 서식,"1차 서류 서식 파일 다운로드 및 내용 기재 후,
[서식 1]: 한글 원본 파일+ 서명 후 스캔한 PDF파일
[서식 2, 3]: 한글 원본 파일만 필요

총 2개(한글 원본 파일 1묶음 + 서식 1 pdf 스캔파일) 의 서류를 usb에 담아
3학년 2반 교실로 제출해주십시오."
소아영,2022-11-29,2023학년도 학교교육계획 수립을 위한 학생 설문 안내,"2023학년도 학교교육계획 수립을 위한 학생 설문 안내입니다. 

3학년
https://forms.gle/gAAAR1TN7p9v8eXn8

4,5학년
https://forms.gle/xmn9ZQKeZ35o2jou6"
관리자,2022-03-08,제14기 서울대현초등학교운영위원회 구성 알림,"2022.3.1.자로 제13기 학교운영위원회 위원임기 만료에 따라
2022년 3월 중으로 제14기 학교운영위원회 구성을 추진하고 있습니다.
관심있는 학부모, 지역인사께서는 많은 참여 바랍니다."
민영미,2020-12-07,강도 높은 서울형 방역조치 시행에 따른 학교시설개방 중단 안내,"강도 높은 서울형 방역조치 시행에 따른 학교시설개방 중단 안내
? 학교 실내·외 시설 개방 중지
    ○ 개방 중지대상: 일시사용허가 중단
     단, 운동장 산책은 2단계 조치 유지하면서 가능
? 개방 중지기간: 2020.12.5.(토) 21시~ 별도 안내 시까지
붙임: 학교시설개방 안내문"
배수연,2021-09-17,2021년도 민간외교관 프로젝트 (중국어/베트남어/몽골어) 온라인 학습 프로그램,
노삼숙,2021-09-16,6학년 중입관련 - 2022 중학교 입학 체육 특기자 배정안내,"관심있는 학부모 및 학생은
세부 내용을 잘 읽어보시고
안내에 따라 서류를 준비하여
담임선생님께 신청하시기 바랍니다."
배수연,2021-09-16,2022년 강남라이프 명예기자모집 안내,
배수연,2021-09-13,(2학년) 또래예술 (연극) 협력지도강사 채용,"2021 교육회복지원사업 - 또래예술프로그램

또래예술 (연극) 협력지도강사 채용 공고문

1. 채용일정
모집 공고
2021. 9. 13.(월)
접수 기간
2021. 9. 13.(월) ∼
2021. 9. 17.(금) 13:00 까지

2. 원서접수
가. 접수기간 : 2021. 9. 13. (월)~ 2021. 9. 17.(금) 13:00 까지
나. 접 수 처 : 대현초 담당자 이메일로 제출(코로나19로 인해 방문접수 불가)
jinjja71@naver.com

* 자세한 내용은 첨부파일 참고 부탁드립니다."
배수연,2021-09-13,(1학년) 또래 예술 연극지도강사 채용 공고문,"2021 교육회복 지원 사업

또래 예술 연극지도강사 채용 공고문

1. 근무 조건
가. 신 분 : 초.중등교육법 제22조 제1항에 근거한 “강사”
나. 채용기간 : 2021.09.29.(수)~ 2021.12월 수업 종료시까지
다. 학교사정에 따라 일부 변동될 수 있음.
2. 원서접수
가. 접수기간 : 2021.9.13(월) ~ 2021.9.17.(금) 13:00 까지 마감
나. 접 수 처 : 대현초 담당자 이메일로 제출(bkiss76@sen.go.kr)

* 자세한 사항은 첨부파일 참고 부탁드립니다."
배수연,2021-09-10,6학년 중입관련 - 2022 영훈국제중 신입생 입학 안내,"6학년 중입관련-2022 영훈국제중 신입생 입학 안내 입니다.

* 첨부파일을 참고하세요."
배수연,2021-09-09,그린스마트 미래학교 학생안전을 최우선으로 고려하여 추진,
노삼숙,2021-09-07,6학년 중입관련 - 청량중학교 개축관련 야구 체육특기자를 위한 안내,"청량중학교에서 온 공문을 다음과 같이 안내드리니
해당 중입을 준비하신 학부모님들은 참고하세요.

- 청량중 개축학교 공사로 인해 2023년 6월부터 야구부 훈련에 제한이 있을 예정입니다.
*개축공사기간 : 2023.6-2025.6
*훈련제한사항 : 운동장 사용불가, 외부 훈련시설 사용으로 인한 훈련시간 감소, 정기회비 증가


자세한 내용은 청량중학교에 문의하세요(02-968-2858)"
배수연,2021-09-06,2022학년도 서울체육중학교 신입생 모집 안내,
배수연,2021-09-06,부모 셀프 마인드 트레이닝을 위한 <내마음보고서> 프로그램 2차 신청 안내,"부모 셀프 마인드 트레이닝을 위한 <내마음보고서> 프로그램 2차 신청 안내

가. 제 목 : 사이‘쉼’ 개소기념 <내마음보고서> 프로그램 참가자 모집
나. 대 상 : 관내 초·중·고교 학부모 20명
다. 세부일정 :
    - 프로그램 신청기간 : 2021. 09. 01. (수) ~ 09. 12. (일) 18:00
      (선착순 20명 모집 시 조기 마감될 수 있음)
    - 참가자 선정 및 프로그램 참가 안내: 09. 13. (월)까지
    - 참가자 온라인 심리평가 실시: 09. 24. (금)까지
    - 참가자 만족도 조사: 10. 15. (금)까지
  라. 신청방법 : 아래 On-line URL 직접접속 또는 첨부파일 내 QR코드 접속한  후 참가신청서 접수
https://forms.gle/xYRdvBmHiaVAMAoh9"
박정미,2023-06-02,65회 서울과학전람회 예선대회 개최요강,"65회 서울과학전람회 예선대회 개최요강 안내합니다. 
가통은 6월 7일에 안내됩니다. 
희망자는 8월 25일 금요일 9시까지 4의 3으로 제출합니다. "
배수연,2023-05-04,방과후학교 정책연구 온라인 설문조사 실시(학부모용)," 방과후학교 정책연구 온라인 설문조사 실시(학부모용)

서울시교육청 방과후학교 정책연구 온라인 설문조사를 다음과 같이 실시하오니, 학부모님의 의견이 적극 반영될 수 있도록 설문 참여에 협조를 부탁드립니다.
가. 연 구 명: 질 높은 방과후학교 운영을 위한 교육(지원)청-자치구 지원체제 및 시스템 구축에 관한 연구
나. 설문목적: 질 높은 방과후학교 운영 방안 마련을 위한 현장의견 수렴
다. 설문기간: 2023. 5. 3.(수) ~ 5. 9.(화)
라. 설문대상: 서울 소재 초등학교 교원(교장, 교감 포함), 방과후학교 강사 및 보호자(학부모)
마. 설문방법: 하단의 설문 링크 또는 QR코드 접속 후 개별 응답
사. 설문링크:
- 보호자(학부모용) : https://moaform.com/q/9HTjTF
- 참여 QR코드:"
김수현,2023-04-14,2023 학생 기후행동 365 학생 운영위원 지원 1차 서식,"1차 서류 서식 파일 다운로드 및 내용 기재 후,
[서식 1]: 한글 원본 파일+ 서명 후 스캔한 PDF파일
[서식 2, 3]: 한글 원본 파일만 필요

총 2개(한글 원본 파일 1묶음 + 서식 1 pdf 스캔파일) 의 서류를 usb에 담아
3학년 2반 교실로 제출해주십시오."
소아영,2022-11-29,2023학년도 학교교육계획 수립을 위한 학생 설문 안내,"2023학년도 학교교육계획 수립을 위한 학생 설문 안내입니다. 

3학년
https://forms.gle/gAAAR1TN7p9v8eXn8

4,5학년
https://forms.gle/xmn9ZQKeZ35o2jou6"
관리자,2022-03-08,제14기 서울대현초등학교운영위원회 구성 알림,"2022.3.1.자로 제13기 학교운영위원회 위원임기 만료에 따라
2022년 3월 중으로 제14기 학교운영위원회 구성을 추진하고 있습니다.
관심있는 학부모, 지역인사께서는 많은 참여 바랍니다."
민영미,2020-12-07,강도 높은 서울형 방역조치 시행에 따른 학교시설개방 중단 안내,"강도 높은 서울형 방역조치 시행에 따른 학교시설개방 중단 안내
? 학교 실내·외 시설 개방 중지
    ○ 개방 중지대상: 일시사용허가 중단
     단, 운동장 산책은 2단계 조치 유지하면서 가능
? 개방 중지기간: 2020.12.5.(토) 21시~ 별도 안내 시까지
붙임: 학교시설개방 안내문"
배수연,2021-09-01,대원국제중학교 입학전형 안내,"대원국제중학교 입학전형 안내 입니다.

자세한 내용은 첨부 참고 바랍니다."
배수연,2021-09-01,사이쉼 부모 마음돌봄 집단프로그램 참가자 모집,"                 ‘부모 마음돌봄 집단프로그램’참가자 모집 
  가. 주제 및 일시:
   -1차 글쓰기 <치유 글쓰기> : 글쓰기를 통한 치유와 자기위로
      2021.10.6. ~ 11.10. 매주 수, 10:30-12:30(2시간), 총 6회기
   -2차 북리딩 <꿈꾸는 맘(Mom)> : 꿈 작업을 통한 자기이해
     2021.10.8. ~ 10.29. 매주 금, 10:30-12:30(2시간), 총 4회기
   -3차 북리딩 <나와 화해하는 시간> : 지친 나를 위한 마음챙김
     2021.11.5. ~ 11.26. 매주 금, 10:30-12:30(2시간), 총 4회기
  나. 대상: 강남구 아동·청소년의 부모(양육자)
  다. 교육형태:
   -1차 : 비대면 온라인 교육(Zoom)
   -2·3차 : 집합교육 프로그램(장소: 사이쉼 2층(사이터) 라운지)
  라. 신청방법: 온라인(홈페이지) 선착순 신청
   ※ 1차-3차 집단프로그램은 중복신청이 불가합니다.
  마. 비용: 무료
  바. 요청사항: e-알리미 게시 및 홍보요청
  사. 문의: 강남구 청소년심리지원센터 안영신 주무관 ☎3423-8746. 끝."
배수연,2021-09-01,6학년 협력강사(문화예술체육) 채용공고,"                                      2021 문화예술체육 지도강사 채용 공고문

1. 담당업무: 문화예술체육 수업 협력지도
2. 지도학년: 6학년 8개 반
3. 접수기간 : 2021. 9. 1. (수) ~ 2021. 9. 7. (화) 12:00 까지
4. 접 수 처 : 대현초 담당자 이메일로 제출(코로나19로 인해 방문접수 불가)  
                 primarykimm@naver.com

* 자세한 내용은 첨부파일 확인 부탁드립니다."
김주연,2021-08-25,(3차 재공고)(서울대현초)2021년 6학년 협력강사(뉴스포츠) 지도강사 채용 공고,첨부파일 참조
박은정,2021-08-23,2022학년도 반포중학교 신입생 미배정 안내,2022학년도 반포중학교 신입생 미배정 안내를 첨부 파일로 확인하십시요.
김주연,2021-08-13,2021년도 학교보건지원강사 채용 공고,첨부파일 참조
박은정,2021-08-11,2022학년도 중학교 입학 배정업무 시행계획 공고,"2022학년도 중학교 입학 배정업무 시행계획 공고
첨부파일을 확인하십시요."
박은정,2021-08-11,2022학년도 중학교 입학 체육특기자 배정 원칙,"2022학년도 중학교 입학 체육특기자 배정 원칙
첨부파일을 확인하십시요."
박은정,2021-08-11,2022학년도 계원 예술중학교 입학전형 요강,"2022학년도 계원 예술중학교 입학전형 요강
첨부파일을 확인하십시요."
김주연,2021-07-23,2021학년도 대현교육통신(2021-2호),?
